BEGIN;

INSERT INTO users (user_id, username, password, role) VALUES (1, 'admin', 'admin123', 'admin');
INSERT INTO users (user_id, username, password, role) VALUES (2, 'billing', 'billing123', 'billing');
INSERT INTO departments (department_id, department_name, department_code, floor_number, wing, description) VALUES (1, 'Cardiology', 'CARD', 1, 'C', 'Heart related issues');
INSERT INTO users (user_id, username, password, role) VALUES (3, 'dr_card_1', 'pass123', 'doctor');
INSERT INTO doctors (doctor_id, user_id, department_id, first_name, last_name, specialty, seniority_level, consultation_fee, email, is_available) VALUES (1, 3, 1, 'Dakshesh', 'Singhal', 'Cardiology', 'Senior', 800, 'dr_card_1@hospital.com', TRUE);
INSERT INTO users (user_id, username, password, role) VALUES (4, 'dr_card_2', 'pass123', 'doctor');
INSERT INTO doctors (doctor_id, user_id, department_id, first_name, last_name, specialty, seniority_level, consultation_fee, email, is_available) VALUES (2, 4, 1, 'Gagan', 'Nair', 'Cardiology', 'Junior', 800, 'dr_card_2@hospital.com', TRUE);
UPDATE departments SET head_doctor_id = 1 WHERE department_id = 1;
INSERT INTO departments (department_id, department_name, department_code, floor_number, wing, description) VALUES (2, 'Neurology', 'NEURO', 1, 'A', 'Brain issues');
INSERT INTO users (user_id, username, password, role) VALUES (5, 'dr_neuro_1', 'pass123', 'doctor');
INSERT INTO doctors (doctor_id, user_id, department_id, first_name, last_name, specialty, seniority_level, consultation_fee, email, is_available) VALUES (3, 5, 2, 'Sachi', 'Palla', 'Neurology', 'Senior', 800, 'dr_neuro_1@hospital.com', TRUE);
INSERT INTO users (user_id, username, password, role) VALUES (6, 'dr_neuro_2', 'pass123', 'doctor');
INSERT INTO doctors (doctor_id, user_id, department_id, first_name, last_name, specialty, seniority_level, consultation_fee, email, is_available) VALUES (4, 6, 2, 'Yasti', 'Samra', 'Neurology', 'Junior', 1000, 'dr_neuro_2@hospital.com', TRUE);
UPDATE departments SET head_doctor_id = 3 WHERE department_id = 2;
INSERT INTO departments (department_id, department_name, department_code, floor_number, wing, description) VALUES (3, 'Orthopedics', 'ORTHO', 2, 'B', 'Bone issues');
INSERT INTO users (user_id, username, password, role) VALUES (7, 'dr_ortho_1', 'pass123', 'doctor');
INSERT INTO doctors (doctor_id, user_id, department_id, first_name, last_name, specialty, seniority_level, consultation_fee, email, is_available) VALUES (5, 7, 3, 'Saumya', 'Contractor', 'Orthopedics', 'Senior', 1000, 'dr_ortho_1@hospital.com', TRUE);
INSERT INTO users (user_id, username, password, role) VALUES (8, 'dr_ortho_2', 'pass123', 'doctor');
INSERT INTO doctors (doctor_id, user_id, department_id, first_name, last_name, specialty, seniority_level, consultation_fee, email, is_available) VALUES (6, 8, 3, 'Pavani', 'Pillay', 'Orthopedics', 'Junior', 1000, 'dr_ortho_2@hospital.com', TRUE);
UPDATE departments SET head_doctor_id = 5 WHERE department_id = 3;
INSERT INTO departments (department_id, department_name, department_code, floor_number, wing, description) VALUES (4, 'Pediatrics', 'PEDS', 4, 'C', 'Child health');
INSERT INTO users (user_id, username, password, role) VALUES (9, 'dr_peds_1', 'pass123', 'doctor');
INSERT INTO doctors (doctor_id, user_id, department_id, first_name, last_name, specialty, seniority_level, consultation_fee, email, is_available) VALUES (7, 9, 4, 'Siddharth', 'Dey', 'Pediatrics', 'Senior', 1000, 'dr_peds_1@hospital.com', TRUE);
INSERT INTO users (user_id, username, password, role) VALUES (10, 'dr_peds_2', 'pass123', 'doctor');
INSERT INTO doctors (doctor_id, user_id, department_id, first_name, last_name, specialty, seniority_level, consultation_fee, email, is_available) VALUES (8, 10, 4, 'Sneha', 'Sachdev', 'Pediatrics', 'Junior', 1000, 'dr_peds_2@hospital.com', TRUE);
UPDATE departments SET head_doctor_id = 7 WHERE department_id = 4;
INSERT INTO departments (department_id, department_name, department_code, floor_number, wing, description) VALUES (5, 'Oncology', 'ONCO', 1, 'C', 'Cancer treatment');
INSERT INTO users (user_id, username, password, role) VALUES (11, 'dr_onco_1', 'pass123', 'doctor');
INSERT INTO doctors (doctor_id, user_id, department_id, first_name, last_name, specialty, seniority_level, consultation_fee, email, is_available) VALUES (9, 11, 5, 'Gaurika', 'Doshi', 'Oncology', 'Senior', 500, 'dr_onco_1@hospital.com', TRUE);
INSERT INTO users (user_id, username, password, role) VALUES (12, 'dr_onco_2', 'pass123', 'doctor');
INSERT INTO doctors (doctor_id, user_id, department_id, first_name, last_name, specialty, seniority_level, consultation_fee, email, is_available) VALUES (10, 12, 5, 'Samarth', 'Ganesh', 'Oncology', 'Junior', 1500, 'dr_onco_2@hospital.com', TRUE);
UPDATE departments SET head_doctor_id = 9 WHERE department_id = 5;
INSERT INTO departments (department_id, department_name, department_code, floor_number, wing, description) VALUES (6, 'Dermatology', 'DERM', 2, 'A', 'Skin care');
INSERT INTO users (user_id, username, password, role) VALUES (13, 'dr_derm_1', 'pass123', 'doctor');
INSERT INTO doctors (doctor_id, user_id, department_id, first_name, last_name, specialty, seniority_level, consultation_fee, email, is_available) VALUES (11, 13, 6, 'Varsha', 'Venkatesh', 'Dermatology', 'Senior', 800, 'dr_derm_1@hospital.com', TRUE);
INSERT INTO users (user_id, username, password, role) VALUES (14, 'dr_derm_2', 'pass123', 'doctor');
INSERT INTO doctors (doctor_id, user_id, department_id, first_name, last_name, specialty, seniority_level, consultation_fee, email, is_available) VALUES (12, 14, 6, 'Dalbir', 'Vora', 'Dermatology', 'Junior', 800, 'dr_derm_2@hospital.com', TRUE);
UPDATE departments SET head_doctor_id = 11 WHERE department_id = 6;
INSERT INTO departments (department_id, department_name, department_code, floor_number, wing, description) VALUES (7, 'Gastroenterology', 'GASTRO', 1, 'A', 'Digestion');
INSERT INTO users (user_id, username, password, role) VALUES (15, 'dr_gastro_1', 'pass123', 'doctor');
INSERT INTO doctors (doctor_id, user_id, department_id, first_name, last_name, specialty, seniority_level, consultation_fee, email, is_available) VALUES (13, 15, 7, 'Triveni', 'Ben', 'Gastroenterology', 'Senior', 1500, 'dr_gastro_1@hospital.com', TRUE);
INSERT INTO users (user_id, username, password, role) VALUES (16, 'dr_gastro_2', 'pass123', 'doctor');
INSERT INTO doctors (doctor_id, user_id, department_id, first_name, last_name, specialty, seniority_level, consultation_fee, email, is_available) VALUES (14, 16, 7, 'Vinaya', 'Bala', 'Gastroenterology', 'Junior', 1000, 'dr_gastro_2@hospital.com', TRUE);
UPDATE departments SET head_doctor_id = 13 WHERE department_id = 7;
INSERT INTO departments (department_id, department_name, department_code, floor_number, wing, description) VALUES (8, 'Gynecology', 'GYNE', 4, 'B', 'Women''s health');
INSERT INTO users (user_id, username, password, role) VALUES (17, 'dr_gyne_1', 'pass123', 'doctor');
INSERT INTO doctors (doctor_id, user_id, department_id, first_name, last_name, specialty, seniority_level, consultation_fee, email, is_available) VALUES (15, 17, 8, 'Wazir', 'Sanghvi', 'Gynecology', 'Senior', 1500, 'dr_gyne_1@hospital.com', TRUE);
INSERT INTO users (user_id, username, password, role) VALUES (18, 'dr_gyne_2', 'pass123', 'doctor');
INSERT INTO doctors (doctor_id, user_id, department_id, first_name, last_name, specialty, seniority_level, consultation_fee, email, is_available) VALUES (16, 18, 8, 'Upadhriti', 'Divan', 'Gynecology', 'Junior', 1000, 'dr_gyne_2@hospital.com', TRUE);
UPDATE departments SET head_doctor_id = 15 WHERE department_id = 8;
INSERT INTO departments (department_id, department_name, department_code, floor_number, wing, description) VALUES (9, 'ENT', 'ENT', 1, 'B', 'Ear Nose Throat');
INSERT INTO users (user_id, username, password, role) VALUES (19, 'dr_ent_1', 'pass123', 'doctor');
INSERT INTO doctors (doctor_id, user_id, department_id, first_name, last_name, specialty, seniority_level, consultation_fee, email, is_available) VALUES (17, 19, 9, 'Ekavir', 'Nair', 'ENT', 'Senior', 1000, 'dr_ent_1@hospital.com', TRUE);
INSERT INTO users (user_id, username, password, role) VALUES (20, 'dr_ent_2', 'pass123', 'doctor');
INSERT INTO doctors (doctor_id, user_id, department_id, first_name, last_name, specialty, seniority_level, consultation_fee, email, is_available) VALUES (18, 20, 9, 'Laksh', 'Puri', 'ENT', 'Junior', 800, 'dr_ent_2@hospital.com', TRUE);
UPDATE departments SET head_doctor_id = 17 WHERE department_id = 9;
INSERT INTO departments (department_id, department_name, department_code, floor_number, wing, description) VALUES (10, 'General Medicine', 'GEN', 2, 'A', 'General health');
INSERT INTO users (user_id, username, password, role) VALUES (21, 'dr_gen_1', 'pass123', 'doctor');
INSERT INTO doctors (doctor_id, user_id, department_id, first_name, last_name, specialty, seniority_level, consultation_fee, email, is_available) VALUES (19, 21, 10, 'Inaya', 'Sule', 'General Medicine', 'Senior', 800, 'dr_gen_1@hospital.com', TRUE);
INSERT INTO users (user_id, username, password, role) VALUES (22, 'dr_gen_2', 'pass123', 'doctor');
INSERT INTO doctors (doctor_id, user_id, department_id, first_name, last_name, specialty, seniority_level, consultation_fee, email, is_available) VALUES (20, 22, 10, 'Anvi', 'Solanki', 'General Medicine', 'Junior', 1500, 'dr_gen_2@hospital.com', TRUE);
UPDATE departments SET head_doctor_id = 19 WHERE department_id = 10;
SELECT setval('users_user_id_seq', 23, true);
SELECT setval('doctors_doctor_id_seq', 21, true);
SELECT setval('departments_department_id_seq', 10, true);
INSERT INTO rooms (room_id, room_number, wing, floor_number, room_type, status, daily_rate, bed_capacity, current_occupancy) VALUES (1, 'A-101', 'A', 1, 'Emergency', 'Available', 2500, 1, 0);
INSERT INTO rooms (room_id, room_number, wing, floor_number, room_type, status, daily_rate, bed_capacity, current_occupancy) VALUES (2, 'A-102', 'A', 1, 'ICU', 'Available', 12000, 2, 0);
INSERT INTO rooms (room_id, room_number, wing, floor_number, room_type, status, daily_rate, bed_capacity, current_occupancy) VALUES (3, 'A-103', 'A', 1, 'General Ward', 'Available', 1500, 6, 0);
INSERT INTO rooms (room_id, room_number, wing, floor_number, room_type, status, daily_rate, bed_capacity, current_occupancy) VALUES (4, 'A-104', 'A', 1, 'General Ward', 'Available', 1500, 6, 0);
INSERT INTO rooms (room_id, room_number, wing, floor_number, room_type, status, daily_rate, bed_capacity, current_occupancy) VALUES (5, 'A-105', 'A', 1, 'General Ward', 'Available', 1500, 6, 0);
INSERT INTO rooms (room_id, room_number, wing, floor_number, room_type, status, daily_rate, bed_capacity, current_occupancy) VALUES (6, 'A-106', 'A', 1, 'General Ward', 'Available', 1500, 6, 0);
INSERT INTO rooms (room_id, room_number, wing, floor_number, room_type, status, daily_rate, bed_capacity, current_occupancy) VALUES (7, 'A-107', 'A', 1, 'General Ward', 'Available', 1500, 6, 0);
INSERT INTO rooms (room_id, room_number, wing, floor_number, room_type, status, daily_rate, bed_capacity, current_occupancy) VALUES (8, 'A-108', 'A', 1, 'Private Room', 'Available', 4000, 1, 0);
INSERT INTO rooms (room_id, room_number, wing, floor_number, room_type, status, daily_rate, bed_capacity, current_occupancy) VALUES (9, 'A-109', 'A', 1, 'General Ward', 'Available', 1500, 6, 0);
INSERT INTO rooms (room_id, room_number, wing, floor_number, room_type, status, daily_rate, bed_capacity, current_occupancy) VALUES (10, 'A-110', 'A', 1, 'Private Room', 'Available', 4000, 1, 0);
INSERT INTO rooms (room_id, room_number, wing, floor_number, room_type, status, daily_rate, bed_capacity, current_occupancy) VALUES (11, 'B-101', 'B', 1, 'Private Room', 'Available', 4000, 1, 0);
INSERT INTO rooms (room_id, room_number, wing, floor_number, room_type, status, daily_rate, bed_capacity, current_occupancy) VALUES (12, 'B-102', 'B', 1, 'General Ward', 'Available', 1500, 6, 0);
INSERT INTO rooms (room_id, room_number, wing, floor_number, room_type, status, daily_rate, bed_capacity, current_occupancy) VALUES (13, 'B-103', 'B', 1, 'General Ward', 'Available', 1500, 6, 0);
INSERT INTO rooms (room_id, room_number, wing, floor_number, room_type, status, daily_rate, bed_capacity, current_occupancy) VALUES (14, 'B-104', 'B', 1, 'Private Room', 'Available', 4000, 1, 0);
INSERT INTO rooms (room_id, room_number, wing, floor_number, room_type, status, daily_rate, bed_capacity, current_occupancy) VALUES (15, 'B-105', 'B', 1, 'Private Room', 'Available', 4000, 1, 0);
INSERT INTO rooms (room_id, room_number, wing, floor_number, room_type, status, daily_rate, bed_capacity, current_occupancy) VALUES (16, 'B-106', 'B', 1, 'Private Room', 'Available', 4000, 1, 0);
INSERT INTO rooms (room_id, room_number, wing, floor_number, room_type, status, daily_rate, bed_capacity, current_occupancy) VALUES (17, 'B-107', 'B', 1, 'Private Room', 'Available', 4000, 1, 0);
INSERT INTO rooms (room_id, room_number, wing, floor_number, room_type, status, daily_rate, bed_capacity, current_occupancy) VALUES (18, 'B-108', 'B', 1, 'General Ward', 'Available', 1500, 6, 0);
INSERT INTO rooms (room_id, room_number, wing, floor_number, room_type, status, daily_rate, bed_capacity, current_occupancy) VALUES (19, 'B-109', 'B', 1, 'General Ward', 'Available', 1500, 6, 0);
INSERT INTO rooms (room_id, room_number, wing, floor_number, room_type, status, daily_rate, bed_capacity, current_occupancy) VALUES (20, 'B-110', 'B', 1, 'General Ward', 'Available', 1500, 6, 0);
INSERT INTO rooms (room_id, room_number, wing, floor_number, room_type, status, daily_rate, bed_capacity, current_occupancy) VALUES (21, 'C-101', 'C', 1, 'General Ward', 'Available', 1500, 6, 0);
INSERT INTO rooms (room_id, room_number, wing, floor_number, room_type, status, daily_rate, bed_capacity, current_occupancy) VALUES (22, 'C-102', 'C', 1, 'ICU', 'Available', 12000, 2, 0);
INSERT INTO rooms (room_id, room_number, wing, floor_number, room_type, status, daily_rate, bed_capacity, current_occupancy) VALUES (23, 'C-103', 'C', 1, 'Private Room', 'Available', 4000, 1, 0);
INSERT INTO rooms (room_id, room_number, wing, floor_number, room_type, status, daily_rate, bed_capacity, current_occupancy) VALUES (24, 'C-104', 'C', 1, 'General Ward', 'Available', 1500, 6, 0);
INSERT INTO rooms (room_id, room_number, wing, floor_number, room_type, status, daily_rate, bed_capacity, current_occupancy) VALUES (25, 'C-105', 'C', 1, 'General Ward', 'Available', 1500, 6, 0);
INSERT INTO rooms (room_id, room_number, wing, floor_number, room_type, status, daily_rate, bed_capacity, current_occupancy) VALUES (26, 'C-106', 'C', 1, 'General Ward', 'Available', 1500, 6, 0);
INSERT INTO rooms (room_id, room_number, wing, floor_number, room_type, status, daily_rate, bed_capacity, current_occupancy) VALUES (27, 'C-107', 'C', 1, 'General Ward', 'Available', 1500, 6, 0);
INSERT INTO rooms (room_id, room_number, wing, floor_number, room_type, status, daily_rate, bed_capacity, current_occupancy) VALUES (28, 'C-108', 'C', 1, 'Private Room', 'Available', 4000, 1, 0);
INSERT INTO rooms (room_id, room_number, wing, floor_number, room_type, status, daily_rate, bed_capacity, current_occupancy) VALUES (29, 'C-109', 'C', 1, 'Private Room', 'Available', 4000, 1, 0);
INSERT INTO rooms (room_id, room_number, wing, floor_number, room_type, status, daily_rate, bed_capacity, current_occupancy) VALUES (30, 'C-110', 'C', 1, 'Private Room', 'Available', 4000, 1, 0);
INSERT INTO rooms (room_id, room_number, wing, floor_number, room_type, status, daily_rate, bed_capacity, current_occupancy) VALUES (31, 'A-201', 'A', 2, 'Private Room', 'Available', 4000, 1, 0);
INSERT INTO rooms (room_id, room_number, wing, floor_number, room_type, status, daily_rate, bed_capacity, current_occupancy) VALUES (32, 'A-202', 'A', 2, 'ICU', 'Available', 12000, 2, 0);
INSERT INTO rooms (room_id, room_number, wing, floor_number, room_type, status, daily_rate, bed_capacity, current_occupancy) VALUES (33, 'A-203', 'A', 2, 'Emergency', 'Available', 2500, 1, 0);
INSERT INTO rooms (room_id, room_number, wing, floor_number, room_type, status, daily_rate, bed_capacity, current_occupancy) VALUES (34, 'A-204', 'A', 2, 'General Ward', 'Available', 1500, 6, 0);
INSERT INTO rooms (room_id, room_number, wing, floor_number, room_type, status, daily_rate, bed_capacity, current_occupancy) VALUES (35, 'A-205', 'A', 2, 'Emergency', 'Available', 2500, 1, 0);
INSERT INTO rooms (room_id, room_number, wing, floor_number, room_type, status, daily_rate, bed_capacity, current_occupancy) VALUES (36, 'A-206', 'A', 2, 'Private Room', 'Available', 4000, 1, 0);
INSERT INTO rooms (room_id, room_number, wing, floor_number, room_type, status, daily_rate, bed_capacity, current_occupancy) VALUES (37, 'A-207', 'A', 2, 'Private Room', 'Available', 4000, 1, 0);
INSERT INTO rooms (room_id, room_number, wing, floor_number, room_type, status, daily_rate, bed_capacity, current_occupancy) VALUES (38, 'A-208', 'A', 2, 'General Ward', 'Available', 1500, 6, 0);
INSERT INTO rooms (room_id, room_number, wing, floor_number, room_type, status, daily_rate, bed_capacity, current_occupancy) VALUES (39, 'A-209', 'A', 2, 'Private Room', 'Available', 4000, 1, 0);
INSERT INTO rooms (room_id, room_number, wing, floor_number, room_type, status, daily_rate, bed_capacity, current_occupancy) VALUES (40, 'A-210', 'A', 2, 'General Ward', 'Available', 1500, 6, 0);
INSERT INTO rooms (room_id, room_number, wing, floor_number, room_type, status, daily_rate, bed_capacity, current_occupancy) VALUES (41, 'B-201', 'B', 2, 'Private Room', 'Available', 4000, 1, 0);
INSERT INTO rooms (room_id, room_number, wing, floor_number, room_type, status, daily_rate, bed_capacity, current_occupancy) VALUES (42, 'B-202', 'B', 2, 'Emergency', 'Available', 2500, 1, 0);
INSERT INTO rooms (room_id, room_number, wing, floor_number, room_type, status, daily_rate, bed_capacity, current_occupancy) VALUES (43, 'B-203', 'B', 2, 'Emergency', 'Available', 2500, 1, 0);
INSERT INTO rooms (room_id, room_number, wing, floor_number, room_type, status, daily_rate, bed_capacity, current_occupancy) VALUES (44, 'B-204', 'B', 2, 'General Ward', 'Available', 1500, 6, 0);
INSERT INTO rooms (room_id, room_number, wing, floor_number, room_type, status, daily_rate, bed_capacity, current_occupancy) VALUES (45, 'B-205', 'B', 2, 'General Ward', 'Available', 1500, 6, 0);
INSERT INTO rooms (room_id, room_number, wing, floor_number, room_type, status, daily_rate, bed_capacity, current_occupancy) VALUES (46, 'B-206', 'B', 2, 'Private Room', 'Available', 4000, 1, 0);
INSERT INTO rooms (room_id, room_number, wing, floor_number, room_type, status, daily_rate, bed_capacity, current_occupancy) VALUES (47, 'B-207', 'B', 2, 'General Ward', 'Available', 1500, 6, 0);
INSERT INTO rooms (room_id, room_number, wing, floor_number, room_type, status, daily_rate, bed_capacity, current_occupancy) VALUES (48, 'B-208', 'B', 2, 'General Ward', 'Available', 1500, 6, 0);
INSERT INTO rooms (room_id, room_number, wing, floor_number, room_type, status, daily_rate, bed_capacity, current_occupancy) VALUES (49, 'B-209', 'B', 2, 'Private Room', 'Available', 4000, 1, 0);
INSERT INTO rooms (room_id, room_number, wing, floor_number, room_type, status, daily_rate, bed_capacity, current_occupancy) VALUES (50, 'B-210', 'B', 2, 'General Ward', 'Available', 1500, 6, 0);
INSERT INTO rooms (room_id, room_number, wing, floor_number, room_type, status, daily_rate, bed_capacity, current_occupancy) VALUES (51, 'C-201', 'C', 2, 'General Ward', 'Available', 1500, 6, 0);
INSERT INTO rooms (room_id, room_number, wing, floor_number, room_type, status, daily_rate, bed_capacity, current_occupancy) VALUES (52, 'C-202', 'C', 2, 'ICU', 'Available', 12000, 2, 0);
INSERT INTO rooms (room_id, room_number, wing, floor_number, room_type, status, daily_rate, bed_capacity, current_occupancy) VALUES (53, 'C-203', 'C', 2, 'Private Room', 'Available', 4000, 1, 0);
INSERT INTO rooms (room_id, room_number, wing, floor_number, room_type, status, daily_rate, bed_capacity, current_occupancy) VALUES (54, 'C-204', 'C', 2, 'Emergency', 'Available', 2500, 1, 0);
INSERT INTO rooms (room_id, room_number, wing, floor_number, room_type, status, daily_rate, bed_capacity, current_occupancy) VALUES (55, 'C-205', 'C', 2, 'Emergency', 'Available', 2500, 1, 0);
INSERT INTO rooms (room_id, room_number, wing, floor_number, room_type, status, daily_rate, bed_capacity, current_occupancy) VALUES (56, 'C-206', 'C', 2, 'Private Room', 'Available', 4000, 1, 0);
INSERT INTO rooms (room_id, room_number, wing, floor_number, room_type, status, daily_rate, bed_capacity, current_occupancy) VALUES (57, 'C-207', 'C', 2, 'General Ward', 'Available', 1500, 6, 0);
INSERT INTO rooms (room_id, room_number, wing, floor_number, room_type, status, daily_rate, bed_capacity, current_occupancy) VALUES (58, 'C-208', 'C', 2, 'General Ward', 'Available', 1500, 6, 0);
INSERT INTO rooms (room_id, room_number, wing, floor_number, room_type, status, daily_rate, bed_capacity, current_occupancy) VALUES (59, 'C-209', 'C', 2, 'Private Room', 'Available', 4000, 1, 0);
INSERT INTO rooms (room_id, room_number, wing, floor_number, room_type, status, daily_rate, bed_capacity, current_occupancy) VALUES (60, 'C-210', 'C', 2, 'ICU', 'Available', 12000, 2, 0);
INSERT INTO rooms (room_id, room_number, wing, floor_number, room_type, status, daily_rate, bed_capacity, current_occupancy) VALUES (61, 'A-301', 'A', 3, 'General Ward', 'Available', 1500, 6, 0);
INSERT INTO rooms (room_id, room_number, wing, floor_number, room_type, status, daily_rate, bed_capacity, current_occupancy) VALUES (62, 'A-302', 'A', 3, 'General Ward', 'Available', 1500, 6, 0);
INSERT INTO rooms (room_id, room_number, wing, floor_number, room_type, status, daily_rate, bed_capacity, current_occupancy) VALUES (63, 'A-303', 'A', 3, 'General Ward', 'Available', 1500, 6, 0);
INSERT INTO rooms (room_id, room_number, wing, floor_number, room_type, status, daily_rate, bed_capacity, current_occupancy) VALUES (64, 'A-304', 'A', 3, 'Private Room', 'Available', 4000, 1, 0);
INSERT INTO rooms (room_id, room_number, wing, floor_number, room_type, status, daily_rate, bed_capacity, current_occupancy) VALUES (65, 'A-305', 'A', 3, 'Private Room', 'Available', 4000, 1, 0);
INSERT INTO rooms (room_id, room_number, wing, floor_number, room_type, status, daily_rate, bed_capacity, current_occupancy) VALUES (66, 'A-306', 'A', 3, 'General Ward', 'Available', 1500, 6, 0);
INSERT INTO rooms (room_id, room_number, wing, floor_number, room_type, status, daily_rate, bed_capacity, current_occupancy) VALUES (67, 'A-307', 'A', 3, 'General Ward', 'Available', 1500, 6, 0);
INSERT INTO rooms (room_id, room_number, wing, floor_number, room_type, status, daily_rate, bed_capacity, current_occupancy) VALUES (68, 'A-308', 'A', 3, 'Emergency', 'Available', 2500, 1, 0);
INSERT INTO rooms (room_id, room_number, wing, floor_number, room_type, status, daily_rate, bed_capacity, current_occupancy) VALUES (69, 'A-309', 'A', 3, 'Private Room', 'Available', 4000, 1, 0);
INSERT INTO rooms (room_id, room_number, wing, floor_number, room_type, status, daily_rate, bed_capacity, current_occupancy) VALUES (70, 'A-310', 'A', 3, 'Private Room', 'Available', 4000, 1, 0);
INSERT INTO rooms (room_id, room_number, wing, floor_number, room_type, status, daily_rate, bed_capacity, current_occupancy) VALUES (71, 'B-301', 'B', 3, 'General Ward', 'Available', 1500, 6, 0);
INSERT INTO rooms (room_id, room_number, wing, floor_number, room_type, status, daily_rate, bed_capacity, current_occupancy) VALUES (72, 'B-302', 'B', 3, 'General Ward', 'Available', 1500, 6, 0);
INSERT INTO rooms (room_id, room_number, wing, floor_number, room_type, status, daily_rate, bed_capacity, current_occupancy) VALUES (73, 'B-303', 'B', 3, 'Private Room', 'Available', 4000, 1, 0);
INSERT INTO rooms (room_id, room_number, wing, floor_number, room_type, status, daily_rate, bed_capacity, current_occupancy) VALUES (74, 'B-304', 'B', 3, 'Emergency', 'Available', 2500, 1, 0);
INSERT INTO rooms (room_id, room_number, wing, floor_number, room_type, status, daily_rate, bed_capacity, current_occupancy) VALUES (75, 'B-305', 'B', 3, 'Private Room', 'Available', 4000, 1, 0);
INSERT INTO rooms (room_id, room_number, wing, floor_number, room_type, status, daily_rate, bed_capacity, current_occupancy) VALUES (76, 'B-306', 'B', 3, 'Private Room', 'Available', 4000, 1, 0);
INSERT INTO rooms (room_id, room_number, wing, floor_number, room_type, status, daily_rate, bed_capacity, current_occupancy) VALUES (77, 'B-307', 'B', 3, 'General Ward', 'Available', 1500, 6, 0);
INSERT INTO rooms (room_id, room_number, wing, floor_number, room_type, status, daily_rate, bed_capacity, current_occupancy) VALUES (78, 'B-308', 'B', 3, 'General Ward', 'Available', 1500, 6, 0);
INSERT INTO rooms (room_id, room_number, wing, floor_number, room_type, status, daily_rate, bed_capacity, current_occupancy) VALUES (79, 'B-309', 'B', 3, 'General Ward', 'Available', 1500, 6, 0);
INSERT INTO rooms (room_id, room_number, wing, floor_number, room_type, status, daily_rate, bed_capacity, current_occupancy) VALUES (80, 'B-310', 'B', 3, 'Emergency', 'Available', 2500, 1, 0);
INSERT INTO rooms (room_id, room_number, wing, floor_number, room_type, status, daily_rate, bed_capacity, current_occupancy) VALUES (81, 'C-301', 'C', 3, 'General Ward', 'Available', 1500, 6, 0);
INSERT INTO rooms (room_id, room_number, wing, floor_number, room_type, status, daily_rate, bed_capacity, current_occupancy) VALUES (82, 'C-302', 'C', 3, 'ICU', 'Available', 12000, 2, 0);
INSERT INTO rooms (room_id, room_number, wing, floor_number, room_type, status, daily_rate, bed_capacity, current_occupancy) VALUES (83, 'C-303', 'C', 3, 'General Ward', 'Available', 1500, 6, 0);
INSERT INTO rooms (room_id, room_number, wing, floor_number, room_type, status, daily_rate, bed_capacity, current_occupancy) VALUES (84, 'C-304', 'C', 3, 'General Ward', 'Available', 1500, 6, 0);
INSERT INTO rooms (room_id, room_number, wing, floor_number, room_type, status, daily_rate, bed_capacity, current_occupancy) VALUES (85, 'C-305', 'C', 3, 'General Ward', 'Available', 1500, 6, 0);
INSERT INTO rooms (room_id, room_number, wing, floor_number, room_type, status, daily_rate, bed_capacity, current_occupancy) VALUES (86, 'C-306', 'C', 3, 'General Ward', 'Available', 1500, 6, 0);
INSERT INTO rooms (room_id, room_number, wing, floor_number, room_type, status, daily_rate, bed_capacity, current_occupancy) VALUES (87, 'C-307', 'C', 3, 'General Ward', 'Available', 1500, 6, 0);
INSERT INTO rooms (room_id, room_number, wing, floor_number, room_type, status, daily_rate, bed_capacity, current_occupancy) VALUES (88, 'C-308', 'C', 3, 'General Ward', 'Available', 1500, 6, 0);
INSERT INTO rooms (room_id, room_number, wing, floor_number, room_type, status, daily_rate, bed_capacity, current_occupancy) VALUES (89, 'C-309', 'C', 3, 'Private Room', 'Available', 4000, 1, 0);
INSERT INTO rooms (room_id, room_number, wing, floor_number, room_type, status, daily_rate, bed_capacity, current_occupancy) VALUES (90, 'C-310', 'C', 3, 'Private Room', 'Available', 4000, 1, 0);
INSERT INTO rooms (room_id, room_number, wing, floor_number, room_type, status, daily_rate, bed_capacity, current_occupancy) VALUES (91, 'A-401', 'A', 4, 'General Ward', 'Available', 1500, 6, 0);
INSERT INTO rooms (room_id, room_number, wing, floor_number, room_type, status, daily_rate, bed_capacity, current_occupancy) VALUES (92, 'A-402', 'A', 4, 'Emergency', 'Available', 2500, 1, 0);
INSERT INTO rooms (room_id, room_number, wing, floor_number, room_type, status, daily_rate, bed_capacity, current_occupancy) VALUES (93, 'A-403', 'A', 4, 'Private Room', 'Available', 4000, 1, 0);
INSERT INTO rooms (room_id, room_number, wing, floor_number, room_type, status, daily_rate, bed_capacity, current_occupancy) VALUES (94, 'A-404', 'A', 4, 'Private Room', 'Available', 4000, 1, 0);
INSERT INTO rooms (room_id, room_number, wing, floor_number, room_type, status, daily_rate, bed_capacity, current_occupancy) VALUES (95, 'A-405', 'A', 4, 'Private Room', 'Available', 4000, 1, 0);
INSERT INTO rooms (room_id, room_number, wing, floor_number, room_type, status, daily_rate, bed_capacity, current_occupancy) VALUES (96, 'A-406', 'A', 4, 'ICU', 'Available', 12000, 2, 0);
INSERT INTO rooms (room_id, room_number, wing, floor_number, room_type, status, daily_rate, bed_capacity, current_occupancy) VALUES (97, 'A-407', 'A', 4, 'Emergency', 'Available', 2500, 1, 0);
INSERT INTO rooms (room_id, room_number, wing, floor_number, room_type, status, daily_rate, bed_capacity, current_occupancy) VALUES (98, 'A-408', 'A', 4, 'General Ward', 'Available', 1500, 6, 0);
INSERT INTO rooms (room_id, room_number, wing, floor_number, room_type, status, daily_rate, bed_capacity, current_occupancy) VALUES (99, 'A-409', 'A', 4, 'Private Room', 'Available', 4000, 1, 0);
INSERT INTO rooms (room_id, room_number, wing, floor_number, room_type, status, daily_rate, bed_capacity, current_occupancy) VALUES (100, 'A-410', 'A', 4, 'General Ward', 'Available', 1500, 6, 0);
INSERT INTO rooms (room_id, room_number, wing, floor_number, room_type, status, daily_rate, bed_capacity, current_occupancy) VALUES (101, 'B-401', 'B', 4, 'General Ward', 'Available', 1500, 6, 0);
INSERT INTO rooms (room_id, room_number, wing, floor_number, room_type, status, daily_rate, bed_capacity, current_occupancy) VALUES (102, 'B-402', 'B', 4, 'General Ward', 'Available', 1500, 6, 0);
INSERT INTO rooms (room_id, room_number, wing, floor_number, room_type, status, daily_rate, bed_capacity, current_occupancy) VALUES (103, 'B-403', 'B', 4, 'Emergency', 'Available', 2500, 1, 0);
INSERT INTO rooms (room_id, room_number, wing, floor_number, room_type, status, daily_rate, bed_capacity, current_occupancy) VALUES (104, 'B-404', 'B', 4, 'General Ward', 'Available', 1500, 6, 0);
INSERT INTO rooms (room_id, room_number, wing, floor_number, room_type, status, daily_rate, bed_capacity, current_occupancy) VALUES (105, 'B-405', 'B', 4, 'General Ward', 'Available', 1500, 6, 0);
INSERT INTO rooms (room_id, room_number, wing, floor_number, room_type, status, daily_rate, bed_capacity, current_occupancy) VALUES (106, 'B-406', 'B', 4, 'Emergency', 'Available', 2500, 1, 0);
INSERT INTO rooms (room_id, room_number, wing, floor_number, room_type, status, daily_rate, bed_capacity, current_occupancy) VALUES (107, 'B-407', 'B', 4, 'Private Room', 'Available', 4000, 1, 0);
INSERT INTO rooms (room_id, room_number, wing, floor_number, room_type, status, daily_rate, bed_capacity, current_occupancy) VALUES (108, 'B-408', 'B', 4, 'General Ward', 'Available', 1500, 6, 0);
INSERT INTO rooms (room_id, room_number, wing, floor_number, room_type, status, daily_rate, bed_capacity, current_occupancy) VALUES (109, 'B-409', 'B', 4, 'General Ward', 'Available', 1500, 6, 0);
INSERT INTO rooms (room_id, room_number, wing, floor_number, room_type, status, daily_rate, bed_capacity, current_occupancy) VALUES (110, 'B-410', 'B', 4, 'General Ward', 'Available', 1500, 6, 0);
INSERT INTO rooms (room_id, room_number, wing, floor_number, room_type, status, daily_rate, bed_capacity, current_occupancy) VALUES (111, 'C-401', 'C', 4, 'General Ward', 'Available', 1500, 6, 0);
INSERT INTO rooms (room_id, room_number, wing, floor_number, room_type, status, daily_rate, bed_capacity, current_occupancy) VALUES (112, 'C-402', 'C', 4, 'General Ward', 'Available', 1500, 6, 0);
INSERT INTO rooms (room_id, room_number, wing, floor_number, room_type, status, daily_rate, bed_capacity, current_occupancy) VALUES (113, 'C-403', 'C', 4, 'General Ward', 'Available', 1500, 6, 0);
INSERT INTO rooms (room_id, room_number, wing, floor_number, room_type, status, daily_rate, bed_capacity, current_occupancy) VALUES (114, 'C-404', 'C', 4, 'Private Room', 'Available', 4000, 1, 0);
INSERT INTO rooms (room_id, room_number, wing, floor_number, room_type, status, daily_rate, bed_capacity, current_occupancy) VALUES (115, 'C-405', 'C', 4, 'Private Room', 'Available', 4000, 1, 0);
INSERT INTO rooms (room_id, room_number, wing, floor_number, room_type, status, daily_rate, bed_capacity, current_occupancy) VALUES (116, 'C-406', 'C', 4, 'General Ward', 'Available', 1500, 6, 0);
INSERT INTO rooms (room_id, room_number, wing, floor_number, room_type, status, daily_rate, bed_capacity, current_occupancy) VALUES (117, 'C-407', 'C', 4, 'General Ward', 'Available', 1500, 6, 0);
INSERT INTO rooms (room_id, room_number, wing, floor_number, room_type, status, daily_rate, bed_capacity, current_occupancy) VALUES (118, 'C-408', 'C', 4, 'General Ward', 'Available', 1500, 6, 0);
INSERT INTO rooms (room_id, room_number, wing, floor_number, room_type, status, daily_rate, bed_capacity, current_occupancy) VALUES (119, 'C-409', 'C', 4, 'General Ward', 'Available', 1500, 6, 0);
INSERT INTO rooms (room_id, room_number, wing, floor_number, room_type, status, daily_rate, bed_capacity, current_occupancy) VALUES (120, 'C-410', 'C', 4, 'Emergency', 'Available', 2500, 1, 0);
SELECT setval('rooms_room_id_seq', 121, true);
INSERT INTO patients (patient_id, first_name, last_name, dob, gender, blood_group, contact_number, address, insurance_provider) VALUES (1, 'Jagdish', 'Sharma', '1995-08-07', 'Male', 'O+', '4586194881', 'H.No. 997, Chander Street, Madanapalle-654760', 'HDFC Ergo');
INSERT INTO patients (patient_id, first_name, last_name, dob, gender, blood_group, contact_number, address, insurance_provider) VALUES (2, 'Ria', 'Rattan', '1999-01-05', 'Female', 'O+', '9786111599', '901, Vohra Nagar, Chinsurah-112491', 'Star Health');
INSERT INTO patients (patient_id, first_name, last_name, dob, gender, blood_group, contact_number, address, insurance_provider) VALUES (3, 'Ridhi', 'More', '1968-06-08', 'Female', 'O-', '00565439916', 'H.No. 48, Bir Circle, Khammam-459084', 'HDFC Ergo');
INSERT INTO patients (patient_id, first_name, last_name, dob, gender, blood_group, contact_number, address, insurance_provider) VALUES (4, 'Leela', 'Golla', '1992-11-07', 'Female', 'O-', '5499669629', '664, Soni Road, Jehanabad-021134', 'None');
INSERT INTO patients (patient_id, first_name, last_name, dob, gender, blood_group, contact_number, address, insurance_provider) VALUES (5, 'Manya', 'Dhaliwal', '1987-07-16', 'Female', 'O+', '02205523893', 'H.No. 40, Dayal Ganj, Kozhikode-082899', 'None');
INSERT INTO patients (patient_id, first_name, last_name, dob, gender, blood_group, contact_number, address, insurance_provider) VALUES (6, 'Zaitra', 'Zacharia', '2013-08-21', 'Female', 'O-', '8140733882', 'H.No. 26, Batra Marg, Nadiad-457555', 'HDFC Ergo');
INSERT INTO patients (patient_id, first_name, last_name, dob, gender, blood_group, contact_number, address, insurance_provider) VALUES (7, 'Urmi', 'Dayal', '1993-04-17', 'Female', 'AB-', '00247153342', '87/70, Ramachandran Ganj, Nangloi Jat-367935', 'Star Health');
INSERT INTO patients (patient_id, first_name, last_name, dob, gender, blood_group, contact_number, address, insurance_provider) VALUES (8, 'Rachana', 'Sagar', '1971-09-14', 'Female', 'A+', '0644955644', '056, Mohan Marg, Ballia 802902', 'None');
INSERT INTO patients (patient_id, first_name, last_name, dob, gender, blood_group, contact_number, address, insurance_provider) VALUES (9, 'Henry', 'Jhaveri', '2013-09-22', 'Male', 'O+', '+916369598537', 'H.No. 53, Sidhu Zila, Khammam-375667', 'None');
INSERT INTO patients (patient_id, first_name, last_name, dob, gender, blood_group, contact_number, address, insurance_provider) VALUES (10, 'Pranav', 'Loyal', '1991-12-16', 'Male', 'AB-', '1064058076', 'H.No. 68, Vaidya Path, Jalna 657052', 'Star Health');
INSERT INTO patients (patient_id, first_name, last_name, dob, gender, blood_group, contact_number, address, insurance_provider) VALUES (11, 'Hemang', 'Bhasin', '1945-09-28', 'Male', 'AB-', '0805133752', '92, Desai Ganj, Jalna-889804', 'Ayushman Bharat');
INSERT INTO patients (patient_id, first_name, last_name, dob, gender, blood_group, contact_number, address, insurance_provider) VALUES (12, 'Harshil', 'Ramesh', '1967-11-25', 'Male', 'A+', '+913267404404', '18/789, Nanda, Munger 513407', 'Star Health');
INSERT INTO allergies (patient_id, allergen, severity, allergen_type) VALUES (12, 'Penicillin', 'Severe', 'Food');
INSERT INTO patients (patient_id, first_name, last_name, dob, gender, blood_group, contact_number, address, insurance_provider) VALUES (13, 'Geetika', 'Sabharwal', '2012-01-15', 'Female', 'O+', '02669362569', '22/979, Devi Ganj, Mirzapur 604525', 'Star Health');
INSERT INTO allergies (patient_id, allergen, severity, allergen_type) VALUES (13, 'Penicillin', 'Mild', 'Food');
INSERT INTO patients (patient_id, first_name, last_name, dob, gender, blood_group, contact_number, address, insurance_provider) VALUES (14, 'Chaitanya', 'Shere', '1955-06-23', 'Male', 'AB-', '1199950760', 'H.No. 282, Viswanathan Marg, Bijapur 070405', 'Star Health');
INSERT INTO patients (patient_id, first_name, last_name, dob, gender, blood_group, contact_number, address, insurance_provider) VALUES (15, 'Nathan', 'Venkatesh', '1997-04-09', 'Male', 'A+', '9124822942', '80/12, Padmanabhan Road, Akola-784353', 'HDFC Ergo');
INSERT INTO patients (patient_id, first_name, last_name, dob, gender, blood_group, contact_number, address, insurance_provider) VALUES (16, 'Gautam', 'Bhandari', '2010-09-01', 'Male', 'A+', '9011770581', '77/657, Lala Chowk, Kharagpur 771823', 'Ayushman Bharat');
INSERT INTO patients (patient_id, first_name, last_name, dob, gender, blood_group, contact_number, address, insurance_provider) VALUES (17, 'Saumya', 'Sinha', '1950-03-03', 'Female', 'B+', '02010510363', 'H.No. 914, Natarajan Chowk, Shivpuri-011865', 'None');
INSERT INTO patients (patient_id, first_name, last_name, dob, gender, blood_group, contact_number, address, insurance_provider) VALUES (18, 'Upasna', 'Baria', '1955-04-25', 'Female', 'AB-', '+916135079812', 'H.No. 42, Deshmukh Zila, Muzaffarpur-969949', 'Ayushman Bharat');
INSERT INTO allergies (patient_id, allergen, severity, allergen_type) VALUES (18, 'Pollen', 'Severe', 'Food');
INSERT INTO patients (patient_id, first_name, last_name, dob, gender, blood_group, contact_number, address, insurance_provider) VALUES (19, 'Pranit', 'Sankar', '1962-03-10', 'Male', 'AB-', '8040696769', '07, Trivedi Street, Baranagar-734573', 'None');
INSERT INTO allergies (patient_id, allergen, severity, allergen_type) VALUES (19, 'Dust', 'Mild', 'Food');
INSERT INTO patients (patient_id, first_name, last_name, dob, gender, blood_group, contact_number, address, insurance_provider) VALUES (20, 'Anamika', 'Sami', '1968-02-27', 'Female', 'O-', '08559976168', '703, Bhatt Road, Karnal-628716', 'HDFC Ergo');
INSERT INTO patients (patient_id, first_name, last_name, dob, gender, blood_group, contact_number, address, insurance_provider) VALUES (21, 'Ishaan', 'Dara', '1953-01-24', 'Male', 'A+', '08888402772', 'H.No. 944, Mani Chowk, Davanagere 615674', 'Ayushman Bharat');
INSERT INTO patients (patient_id, first_name, last_name, dob, gender, blood_group, contact_number, address, insurance_provider) VALUES (22, 'Hardik', 'Sarkar', '1951-09-01', 'Male', 'B+', '+911143458843', '11/467, Talwar Road, Singrauli-484323', 'Star Health');
INSERT INTO allergies (patient_id, allergen, severity, allergen_type) VALUES (22, 'Dust', 'Severe', 'Food');
INSERT INTO patients (patient_id, first_name, last_name, dob, gender, blood_group, contact_number, address, insurance_provider) VALUES (23, 'Jeremiah', 'Chaudhry', '2012-09-13', 'Male', 'O-', '+917428350638', '45, Jain Ganj, Nashik-900171', 'Star Health');
INSERT INTO patients (patient_id, first_name, last_name, dob, gender, blood_group, contact_number, address, insurance_provider) VALUES (24, 'Ekantika', 'Ahuja', '1990-06-21', 'Female', 'O+', '2877248301', 'H.No. 71, Savant Chowk, Thane-723450', 'Ayushman Bharat');
INSERT INTO patients (patient_id, first_name, last_name, dob, gender, blood_group, contact_number, address, insurance_provider) VALUES (25, 'Kavya', 'Chanda', '1971-10-30', 'Female', 'A+', '06833223295', '977, Sampath Marg, Tirupati-162195', 'Ayushman Bharat');
INSERT INTO patients (patient_id, first_name, last_name, dob, gender, blood_group, contact_number, address, insurance_provider) VALUES (26, 'Chandran', 'Palla', '2011-11-08', 'Male', 'O-', '02841417261', '52/23, Koshy Circle, Sonipat-369239', 'None');
INSERT INTO patients (patient_id, first_name, last_name, dob, gender, blood_group, contact_number, address, insurance_provider) VALUES (27, 'Jatin', 'Dhillon', '1947-07-15', 'Male', 'B+', '1551171662', '88, Sura Circle, Nagpur-984931', 'Ayushman Bharat');
INSERT INTO patients (patient_id, first_name, last_name, dob, gender, blood_group, contact_number, address, insurance_provider) VALUES (28, 'Januja', 'Varkey', '1996-12-08', 'Female', 'A+', '8602048096', 'H.No. 197, Devan Street, Salem 150435', 'Star Health');
INSERT INTO patients (patient_id, first_name, last_name, dob, gender, blood_group, contact_number, address, insurance_provider) VALUES (29, 'Dakshesh', 'Kota', '1945-03-05', 'Male', 'AB-', '+918563372105', 'H.No. 55, Patla Zila, Saharanpur-640497', 'HDFC Ergo');
INSERT INTO patients (patient_id, first_name, last_name, dob, gender, blood_group, contact_number, address, insurance_provider) VALUES (30, 'Osha', 'Chacko', '1998-04-07', 'Female', 'O+', '+918095030933', 'H.No. 76, Shan Road, Gopalpur 704614', 'Star Health');
INSERT INTO allergies (patient_id, allergen, severity, allergen_type) VALUES (30, 'Peanuts', 'Severe', 'Food');
INSERT INTO patients (patient_id, first_name, last_name, dob, gender, blood_group, contact_number, address, insurance_provider) VALUES (31, 'Girindra', 'Sridhar', '1974-02-24', 'Male', 'AB-', '+911275013187', '37/21, Keer Marg, Siwan-417847', 'None');
INSERT INTO patients (patient_id, first_name, last_name, dob, gender, blood_group, contact_number, address, insurance_provider) VALUES (32, 'Finn', 'Mitter', '1945-04-24', 'Male', 'B+', '4860499141', '64/39, Ravi Street, Burhanpur 340714', 'Ayushman Bharat');
INSERT INTO patients (patient_id, first_name, last_name, dob, gender, blood_group, contact_number, address, insurance_provider) VALUES (33, 'Qadim', 'Apte', '2011-09-13', 'Male', 'O+', '0528487147', '16, Minhas Circle, Lucknow 666733', 'None');
INSERT INTO allergies (patient_id, allergen, severity, allergen_type) VALUES (33, 'Penicillin', 'Mild', 'Food');
INSERT INTO patients (patient_id, first_name, last_name, dob, gender, blood_group, contact_number, address, insurance_provider) VALUES (34, 'Dominic', 'Kohli', '1996-07-19', 'Male', 'B+', '+914821541697', 'H.No. 513, Purohit, Saharanpur 675689', 'None');
INSERT INTO patients (patient_id, first_name, last_name, dob, gender, blood_group, contact_number, address, insurance_provider) VALUES (35, 'Chaman', 'Konda', '1990-11-04', 'Female', 'AB-', '1160555212', '65/86, Choudhary Nagar, Raipur 014643', 'HDFC Ergo');
INSERT INTO patients (patient_id, first_name, last_name, dob, gender, blood_group, contact_number, address, insurance_provider) VALUES (36, 'Lekha', 'Dave', '1979-09-02', 'Female', 'B+', '+919974202844', '40, Randhawa Street, Dhule-006186', 'Ayushman Bharat');
INSERT INTO patients (patient_id, first_name, last_name, dob, gender, blood_group, contact_number, address, insurance_provider) VALUES (37, 'Balendra', 'Subramaniam', '1994-09-22', 'Male', 'O+', '+914154227677', 'H.No. 44, Nagarajan Street, Bhilai-367059', 'HDFC Ergo');
INSERT INTO patients (patient_id, first_name, last_name, dob, gender, blood_group, contact_number, address, insurance_provider) VALUES (38, 'Megha', 'Devan', '1976-03-29', 'Female', 'O-', '5038543940', '65, Malhotra Circle, Hospet-908843', 'Ayushman Bharat');
INSERT INTO patients (patient_id, first_name, last_name, dob, gender, blood_group, contact_number, address, insurance_provider) VALUES (39, 'Banjeet', 'Bakshi', '1999-02-27', 'Male', 'A+', '6828398252', 'H.No. 76, Bal Street, Tiruchirappalli 826780', 'Star Health');
INSERT INTO patients (patient_id, first_name, last_name, dob, gender, blood_group, contact_number, address, insurance_provider) VALUES (40, 'Indira', 'Zacharia', '1969-07-25', 'Female', 'O-', '06810650635', '555, Gokhale Circle, Dewas 152632', 'None');
INSERT INTO patients (patient_id, first_name, last_name, dob, gender, blood_group, contact_number, address, insurance_provider) VALUES (41, 'Harrison', 'Pai', '1961-05-12', 'Male', 'AB-', '+912784321497', 'H.No. 66, Dasgupta Road, Karnal 875830', 'Star Health');
INSERT INTO patients (patient_id, first_name, last_name, dob, gender, blood_group, contact_number, address, insurance_provider) VALUES (42, 'Gagan', 'Chandran', '2013-07-27', 'Male', 'AB-', '+916227035644', '204, Bose Path, Raiganj-702112', 'Star Health');
INSERT INTO patients (patient_id, first_name, last_name, dob, gender, blood_group, contact_number, address, insurance_provider) VALUES (43, 'Wriddhish', 'Patla', '2012-05-21', 'Male', 'AB-', '01352130325', '42, Mahal Path, Katni-103559', 'None');
INSERT INTO allergies (patient_id, allergen, severity, allergen_type) VALUES (43, 'Peanuts', 'Severe', 'Food');
INSERT INTO patients (patient_id, first_name, last_name, dob, gender, blood_group, contact_number, address, insurance_provider) VALUES (44, 'Kala', 'Ganesh', '2015-11-14', 'Female', 'O+', '+913574683146', '23/999, Seth Path, Thane-057785', 'Ayushman Bharat');
INSERT INTO allergies (patient_id, allergen, severity, allergen_type) VALUES (44, 'Dust', 'Mild', 'Food');
INSERT INTO patients (patient_id, first_name, last_name, dob, gender, blood_group, contact_number, address, insurance_provider) VALUES (45, 'Dalbir', 'Sura', '2005-03-08', 'Male', 'O+', '4231545052', '03/794, Dara Zila, Amravati 226892', 'Star Health');
INSERT INTO patients (patient_id, first_name, last_name, dob, gender, blood_group, contact_number, address, insurance_provider) VALUES (46, 'Utkarsh', 'Sandhu', '1994-03-07', 'Male', 'A+', '4706046419', '312, Parikh Chowk, Pali 117628', 'None');
INSERT INTO allergies (patient_id, allergen, severity, allergen_type) VALUES (46, 'Peanuts', 'Mild', 'Food');
INSERT INTO patients (patient_id, first_name, last_name, dob, gender, blood_group, contact_number, address, insurance_provider) VALUES (47, 'Fitan', 'Grewal', '1947-10-01', 'Male', 'B+', '09797380261', 'H.No. 25, Dhingra Path, Udupi 618236', 'Star Health');
INSERT INTO allergies (patient_id, allergen, severity, allergen_type) VALUES (47, 'Peanuts', 'Severe', 'Food');
INSERT INTO patients (patient_id, first_name, last_name, dob, gender, blood_group, contact_number, address, insurance_provider) VALUES (48, 'Jasmit', 'Mann', '1990-11-09', 'Female', 'AB-', '04471711035', 'H.No. 99, Bhalla Circle, Bhavnagar-629084', 'None');
INSERT INTO patients (patient_id, first_name, last_name, dob, gender, blood_group, contact_number, address, insurance_provider) VALUES (49, 'Neha', 'Venkatesh', '1995-01-02', 'Female', 'A+', '03248094307', '49/634, Madan Circle, Thane 059893', 'HDFC Ergo');
INSERT INTO patients (patient_id, first_name, last_name, dob, gender, blood_group, contact_number, address, insurance_provider) VALUES (50, 'Ishanvi', 'Dutt', '2004-07-02', 'Female', 'A+', '02565165722', '07, Kapur Path, Dhule 917304', 'HDFC Ergo');
INSERT INTO patients (patient_id, first_name, last_name, dob, gender, blood_group, contact_number, address, insurance_provider) VALUES (51, 'Forum', 'Manne', '2013-11-11', 'Female', 'A+', '04629776936', 'H.No. 30, Swamy Marg, Pune-033451', 'Ayushman Bharat');
INSERT INTO patients (patient_id, first_name, last_name, dob, gender, blood_group, contact_number, address, insurance_provider) VALUES (52, 'Theodore', 'Dhillon', '1969-02-12', 'Male', 'O+', '06816835655', 'H.No. 266, Dada Marg, Bulandshahr 785943', 'Star Health');
INSERT INTO patients (patient_id, first_name, last_name, dob, gender, blood_group, contact_number, address, insurance_provider) VALUES (53, 'Azaan', 'Jayaraman', '2001-08-16', 'Male', 'O+', '06795924507', '402, Pai Ganj, Bhimavaram 473495', 'Star Health');
INSERT INTO patients (patient_id, first_name, last_name, dob, gender, blood_group, contact_number, address, insurance_provider) VALUES (54, 'Harsh', 'Lal', '1980-06-10', 'Male', 'B+', '+914169096149', '60, Venkatesh Nagar, Navi Mumbai 175213', 'HDFC Ergo');
INSERT INTO allergies (patient_id, allergen, severity, allergen_type) VALUES (54, 'Pollen', 'Mild', 'Food');
INSERT INTO patients (patient_id, first_name, last_name, dob, gender, blood_group, contact_number, address, insurance_provider) VALUES (55, 'Agastya', 'Lal', '1959-01-04', 'Male', 'O-', '0272534540', '669, Naidu Chowk, Nangloi Jat-074140', 'Ayushman Bharat');
INSERT INTO patients (patient_id, first_name, last_name, dob, gender, blood_group, contact_number, address, insurance_provider) VALUES (56, 'Shivansh', 'Chawla', '1976-08-03', 'Male', 'B+', '7733844977', '020, Khosla Nagar, Chennai 657800', 'None');
INSERT INTO allergies (patient_id, allergen, severity, allergen_type) VALUES (56, 'Pollen', 'Severe', 'Food');
INSERT INTO patients (patient_id, first_name, last_name, dob, gender, blood_group, contact_number, address, insurance_provider) VALUES (57, 'Nathan', 'Setty', '1984-01-19', 'Male', 'B+', '0331318999', 'H.No. 449, Maharaj, Anantapuram 147622', 'Ayushman Bharat');
INSERT INTO patients (patient_id, first_name, last_name, dob, gender, blood_group, contact_number, address, insurance_provider) VALUES (58, 'Damini', 'Yogi', '1960-09-05', 'Female', 'A+', '+915501999191', 'H.No. 455, More Marg, Pimpri-Chinchwad-371014', 'None');
INSERT INTO allergies (patient_id, allergen, severity, allergen_type) VALUES (58, 'Peanuts', 'Severe', 'Food');
INSERT INTO patients (patient_id, first_name, last_name, dob, gender, blood_group, contact_number, address, insurance_provider) VALUES (59, 'Sneha', 'Nadig', '1968-10-19', 'Female', 'B+', '+919533692455', 'H.No. 508, Sathe Marg, Sangli-Miraj & Kupwad-496456', 'HDFC Ergo');
INSERT INTO patients (patient_id, first_name, last_name, dob, gender, blood_group, contact_number, address, insurance_provider) VALUES (60, 'Max', 'Konda', '1955-04-14', 'Male', 'AB-', '08583254798', '092, Thakkar, Pimpri-Chinchwad-213305', 'None');
INSERT INTO patients (patient_id, first_name, last_name, dob, gender, blood_group, contact_number, address, insurance_provider) VALUES (61, 'Girindra', 'Guha', '1982-12-27', 'Male', 'B+', '6765263484', '56, Narain Zila, Korba 542620', 'Ayushman Bharat');
INSERT INTO patients (patient_id, first_name, last_name, dob, gender, blood_group, contact_number, address, insurance_provider) VALUES (62, 'Chandresh', 'Dar', '1956-10-31', 'Male', 'A+', '4104594094', '76/07, Sura Street, Siliguri-015413', 'Star Health');
INSERT INTO patients (patient_id, first_name, last_name, dob, gender, blood_group, contact_number, address, insurance_provider) VALUES (63, 'Vivaan', 'Chowdhury', '1976-10-08', 'Male', 'AB-', '06516848619', 'H.No. 31, Dugal Chowk, Chennai 787240', 'HDFC Ergo');
INSERT INTO patients (patient_id, first_name, last_name, dob, gender, blood_group, contact_number, address, insurance_provider) VALUES (64, 'Timothy', 'Shere', '1977-05-05', 'Male', 'A+', '8917912923', 'H.No. 630, Ganesh Chowk, Sikar-811110', 'HDFC Ergo');
INSERT INTO patients (patient_id, first_name, last_name, dob, gender, blood_group, contact_number, address, insurance_provider) VALUES (65, 'Abhiram', 'Dewan', '1966-06-25', 'Male', 'O-', '+911847350475', '92/120, Gola Marg, Satna 959491', 'HDFC Ergo');
INSERT INTO allergies (patient_id, allergen, severity, allergen_type) VALUES (65, 'Dust', 'Mild', 'Food');
INSERT INTO patients (patient_id, first_name, last_name, dob, gender, blood_group, contact_number, address, insurance_provider) VALUES (66, 'Gaurangi', 'Wason', '2004-06-07', 'Female', 'O+', '8608478439', 'H.No. 012, Bains Chowk, Bally-889026', 'Ayushman Bharat');
INSERT INTO patients (patient_id, first_name, last_name, dob, gender, blood_group, contact_number, address, insurance_provider) VALUES (67, 'Ayush', 'Sahni', '1992-01-10', 'Male', 'AB-', '+919662389215', '092, Om Chowk, Mysore 594177', 'HDFC Ergo');
INSERT INTO patients (patient_id, first_name, last_name, dob, gender, blood_group, contact_number, address, insurance_provider) VALUES (68, 'Matthew', 'Hora', '1947-11-28', 'Male', 'A+', '7221088353', '90/617, Dixit Zila, Haridwar 964437', 'None');
INSERT INTO patients (patient_id, first_name, last_name, dob, gender, blood_group, contact_number, address, insurance_provider) VALUES (69, 'Gagan', 'Mannan', '2010-03-08', 'Male', 'O-', '+917566849920', 'H.No. 228, Golla Marg, Anand-299826', 'Ayushman Bharat');
INSERT INTO patients (patient_id, first_name, last_name, dob, gender, blood_group, contact_number, address, insurance_provider) VALUES (70, 'Gabriel', 'Rattan', '1948-12-03', 'Male', 'A+', '+915438267564', 'H.No. 707, Bahri Nagar, Ranchi-988874', 'HDFC Ergo');
INSERT INTO patients (patient_id, first_name, last_name, dob, gender, blood_group, contact_number, address, insurance_provider) VALUES (71, 'Sachi', 'Sarraf', '1947-07-25', 'Female', 'O+', '4789116207', '08/22, Dutta Road, Bihar Sharif 588570', 'HDFC Ergo');
INSERT INTO allergies (patient_id, allergen, severity, allergen_type) VALUES (71, 'Pollen', 'Severe', 'Food');
INSERT INTO patients (patient_id, first_name, last_name, dob, gender, blood_group, contact_number, address, insurance_provider) VALUES (72, 'Kevin', 'Kurian', '1985-08-04', 'Male', 'B+', '7578776681', '13/420, Chaudhari Street, Jalna-535737', 'None');
INSERT INTO allergies (patient_id, allergen, severity, allergen_type) VALUES (72, 'Pollen', 'Severe', 'Food');
INSERT INTO patients (patient_id, first_name, last_name, dob, gender, blood_group, contact_number, address, insurance_provider) VALUES (73, 'Bhavna', 'Badal', '1961-01-18', 'Female', 'A+', '+911989203087', 'H.No. 40, Rama Ganj, Proddatur-187907', 'Star Health');
INSERT INTO patients (patient_id, first_name, last_name, dob, gender, blood_group, contact_number, address, insurance_provider) VALUES (74, 'Girindra', 'Chadha', '1989-10-31', 'Male', 'AB-', '1294150114', '92/485, Rai Ganj, Nadiad 444229', 'None');
INSERT INTO patients (patient_id, first_name, last_name, dob, gender, blood_group, contact_number, address, insurance_provider) VALUES (75, 'Vasudha', 'Rajagopalan', '1946-04-04', 'Female', 'O-', '6244844310', '51, Mital Path, Nadiad 514643', 'None');
INSERT INTO allergies (patient_id, allergen, severity, allergen_type) VALUES (75, 'Pollen', 'Severe', 'Food');
INSERT INTO patients (patient_id, first_name, last_name, dob, gender, blood_group, contact_number, address, insurance_provider) VALUES (76, 'Gunbir', 'Thakur', '1979-01-20', 'Male', 'AB-', '8789329426', '96/308, Karpe Marg, Karawal Nagar 674181', 'HDFC Ergo');
INSERT INTO patients (patient_id, first_name, last_name, dob, gender, blood_group, contact_number, address, insurance_provider) VALUES (77, 'Unnati', 'Gaba', '1999-09-10', 'Female', 'AB-', '+914705539664', '01/24, Vasa Nagar, Surendranagar Dudhrej-809922', 'Star Health');
INSERT INTO allergies (patient_id, allergen, severity, allergen_type) VALUES (77, 'Penicillin', 'Severe', 'Food');
INSERT INTO patients (patient_id, first_name, last_name, dob, gender, blood_group, contact_number, address, insurance_provider) VALUES (78, 'Vedhika', 'Patla', '1988-05-05', 'Female', 'A+', '+914002835679', '98/725, Tak Zila, Bhusawal 211812', 'HDFC Ergo');
INSERT INTO patients (patient_id, first_name, last_name, dob, gender, blood_group, contact_number, address, insurance_provider) VALUES (79, 'Kala', 'Saini', '1981-12-18', 'Female', 'O+', '+914992002113', '38/65, Soman Road, Bhavnagar 451553', 'None');
INSERT INTO patients (patient_id, first_name, last_name, dob, gender, blood_group, contact_number, address, insurance_provider) VALUES (80, 'Jack', 'Krishnan', '1993-11-22', 'Male', 'O-', '6818517765', 'H.No. 302, Chandra Circle, Mango 182675', 'Ayushman Bharat');
INSERT INTO allergies (patient_id, allergen, severity, allergen_type) VALUES (80, 'Pollen', 'Severe', 'Food');
INSERT INTO patients (patient_id, first_name, last_name, dob, gender, blood_group, contact_number, address, insurance_provider) VALUES (81, 'Jatin', 'Johal', '1957-07-11', 'Male', 'O+', '04699539864', '77, Chander Nagar, Dibrugarh 815075', 'Ayushman Bharat');
INSERT INTO patients (patient_id, first_name, last_name, dob, gender, blood_group, contact_number, address, insurance_provider) VALUES (82, 'Raghav', 'Raj', '1987-02-21', 'Male', 'B+', '1328875343', 'H.No. 74, Viswanathan Ganj, Bharatpur 308924', 'HDFC Ergo');
INSERT INTO patients (patient_id, first_name, last_name, dob, gender, blood_group, contact_number, address, insurance_provider) VALUES (83, 'Ranbir', 'Gole', '1968-12-10', 'Male', 'O-', '02041477033', '59, Baria Path, Salem 435555', 'Ayushman Bharat');
INSERT INTO patients (patient_id, first_name, last_name, dob, gender, blood_group, contact_number, address, insurance_provider) VALUES (84, 'Ira', 'Mander', '1955-07-08', 'Female', 'A+', '2102599633', 'H.No. 21, Prabhakar Circle, Ichalkaranji-637908', 'Star Health');
INSERT INTO patients (patient_id, first_name, last_name, dob, gender, blood_group, contact_number, address, insurance_provider) VALUES (85, 'Warhi', 'Mander', '1998-03-11', 'Female', 'O-', '7308795567', '55/47, Bansal Chowk, Kakinada 663906', 'Star Health');
INSERT INTO patients (patient_id, first_name, last_name, dob, gender, blood_group, contact_number, address, insurance_provider) VALUES (86, 'Omaja', 'Vaidya', '1999-04-05', 'Female', 'O-', '+916059614056', '08/112, Chandran Path, Sikar-740918', 'None');
INSERT INTO patients (patient_id, first_name, last_name, dob, gender, blood_group, contact_number, address, insurance_provider) VALUES (87, 'Rohan', 'Dara', '2006-08-27', 'Male', 'AB-', '+916533877640', 'H.No. 273, Mutti Nagar, Pallavaram-118243', 'None');
INSERT INTO patients (patient_id, first_name, last_name, dob, gender, blood_group, contact_number, address, insurance_provider) VALUES (88, 'Waida', 'Rege', '1987-09-16', 'Female', 'A+', '2868271323', '35/128, Chopra Path, Kolkata 600935', 'Star Health');
INSERT INTO patients (patient_id, first_name, last_name, dob, gender, blood_group, contact_number, address, insurance_provider) VALUES (89, 'Chandani', 'Randhawa', '1976-08-04', 'Female', 'O-', '3131663703', 'H.No. 444, Mall Circle, Pudukkottai-699215', 'None');
INSERT INTO patients (patient_id, first_name, last_name, dob, gender, blood_group, contact_number, address, insurance_provider) VALUES (90, 'Chatresh', 'Lata', '1977-11-29', 'Male', 'B+', '+918855560675', '34, Baria Chowk, Bhubaneswar 995738', 'HDFC Ergo');
INSERT INTO patients (patient_id, first_name, last_name, dob, gender, blood_group, contact_number, address, insurance_provider) VALUES (91, 'Eta', 'Rajagopalan', '1996-09-21', 'Female', 'O-', '5139727464', '337, Ahuja Nagar, Tiruchirappalli 095548', 'None');
INSERT INTO patients (patient_id, first_name, last_name, dob, gender, blood_group, contact_number, address, insurance_provider) VALUES (92, 'Deepa', 'Gera', '1995-09-26', 'Female', 'A+', '6648783013', '44, Deep Path, Eluru-242006', 'Ayushman Bharat');
INSERT INTO patients (patient_id, first_name, last_name, dob, gender, blood_group, contact_number, address, insurance_provider) VALUES (93, 'Yashodhara', 'Pandya', '1976-07-11', 'Female', 'A+', '07007611437', '19/908, Sinha Nagar, Karawal Nagar 743341', 'HDFC Ergo');
INSERT INTO patients (patient_id, first_name, last_name, dob, gender, blood_group, contact_number, address, insurance_provider) VALUES (94, 'Chaitaly', 'Solanki', '1958-09-07', 'Female', 'A+', '02749592069', '443, Narayan Chowk, Nashik 435023', 'Ayushman Bharat');
INSERT INTO patients (patient_id, first_name, last_name, dob, gender, blood_group, contact_number, address, insurance_provider) VALUES (95, 'Oscar', 'Badami', '1971-03-22', 'Male', 'O+', '05434383721', '01, Chander Street, Pudukkottai-134367', 'None');
INSERT INTO patients (patient_id, first_name, last_name, dob, gender, blood_group, contact_number, address, insurance_provider) VALUES (96, 'Oviya', 'Lad', '1971-07-10', 'Female', 'B+', '07961457707', 'H.No. 965, Lad Path, Nizamabad-599445', 'Ayushman Bharat');
INSERT INTO patients (patient_id, first_name, last_name, dob, gender, blood_group, contact_number, address, insurance_provider) VALUES (97, 'Logan', 'Mand', '1969-10-06', 'Male', 'O+', '+914938317159', 'H.No. 493, Shere Ganj, Firozabad 524632', 'Ayushman Bharat');
INSERT INTO patients (patient_id, first_name, last_name, dob, gender, blood_group, contact_number, address, insurance_provider) VALUES (98, 'Vedika', 'Wali', '2013-11-11', 'Female', 'O+', '+914786084776', '617, Agarwal, Thrissur 662052', 'None');
INSERT INTO allergies (patient_id, allergen, severity, allergen_type) VALUES (98, 'Penicillin', 'Severe', 'Food');
INSERT INTO patients (patient_id, first_name, last_name, dob, gender, blood_group, contact_number, address, insurance_provider) VALUES (99, 'Falak', 'Ram', '1962-04-28', 'Female', 'O+', '+911137896360', '63/51, Madan Street, Firozabad-456712', 'Ayushman Bharat');
INSERT INTO patients (patient_id, first_name, last_name, dob, gender, blood_group, contact_number, address, insurance_provider) VALUES (100, 'Isaac', 'Dhaliwal', '1982-05-29', 'Male', 'O+', '09317804045', '303, Sahni Nagar, Ujjain 962956', 'HDFC Ergo');
SELECT setval('patients_patient_id_seq', 100, true);
INSERT INTO appointments (appointment_id, patient_id, doctor_id, department_id, appointment_date, patient_problem_text, predicted_specialty, predicted_severity, status) VALUES (1, 1, 12, 6, '2025-10-03 07:00:00', 'Patient complains of Rash', 'Dermatology', 'Low', 'Completed');
INSERT INTO patient_doctor_mapping (patient_id, doctor_id, department_id, first_visit_date, is_primary_doctor) VALUES (1, 12, 6, '2025-10-03', TRUE) ON CONFLICT (patient_id, doctor_id) DO NOTHING;
INSERT INTO medical_records (patient_id, doctor_id, department_id, appointment_id, diagnosis, vital_signs, record_date) VALUES (1, 12, 6, 1, 'Acute Rash syndrome', '{"bp": "120/80", "temp": "98.6"}', '2025-10-03 07:00:00');
INSERT INTO lab_tests (patient_id, doctor_id, appointment_id, test_name, test_category, ordered_date, status, results) VALUES (1, 12, 1, 'Skin Biopsy', 'Pathology', '2025-10-03 07:00:00', 'Completed', 'Normal');
INSERT INTO prescriptions (patient_id, doctor_id, appointment_id, medication_name, dosage, frequency, quantity) VALUES (1, 12, 1, 'Benzoyl Peroxide', '500mg', '1-0-1', 10);
INSERT INTO invoices (patient_id, appointment_id, consultation_charges, lab_charges, medication_charges, total_amount, status, issue_date) VALUES (1, 1, 800, 1907, 558, 3265, 'Paid', '2025-10-03');
INSERT INTO appointments (appointment_id, patient_id, doctor_id, department_id, appointment_date, patient_problem_text, predicted_specialty, predicted_severity, status) VALUES (2, 1, 19, 10, '2025-12-12 06:00:00', 'Patient complains of Viral fever', 'General Medicine', 'High', 'Completed');
INSERT INTO patient_doctor_mapping (patient_id, doctor_id, department_id, first_visit_date, is_primary_doctor) VALUES (1, 19, 10, '2025-12-12', TRUE) ON CONFLICT (patient_id, doctor_id) DO NOTHING;
INSERT INTO medical_records (patient_id, doctor_id, department_id, appointment_id, diagnosis, vital_signs, record_date) VALUES (1, 19, 10, 2, 'Acute Viral fever syndrome', '{"bp": "120/80", "temp": "98.6"}', '2025-12-12 06:00:00');
INSERT INTO prescriptions (patient_id, doctor_id, appointment_id, medication_name, dosage, frequency, quantity) VALUES (1, 19, 2, 'Multivitamins', '500mg', '1-0-1', 10);
INSERT INTO invoices (patient_id, appointment_id, consultation_charges, lab_charges, medication_charges, total_amount, status, issue_date) VALUES (1, 2, 800, 0, 932, 1732, 'Paid', '2025-12-12');
INSERT INTO admissions (admission_id, patient_id, primary_doctor_id, room_id, department_id, admission_date, actual_discharge_date, admission_reason, admission_type, status) VALUES (1, 1, 19, 49, 10, '2025-12-12 06:00:00', '2025-12-17', 'Acute Viral fever syndrome', 'Emergency', 'Discharged');
INSERT INTO admission_doctor_care (admission_id, doctor_id, department_id, role_in_care) VALUES (1, 19, 10, 'Primary');
INSERT INTO invoices (patient_id, admission_id, room_charges, total_amount, status, issue_date) VALUES (1, 1, 5000, 10000, 'Pending', '2025-12-12');
INSERT INTO appointments (appointment_id, patient_id, doctor_id, department_id, appointment_date, patient_problem_text, predicted_specialty, predicted_severity, status) VALUES (3, 2, 18, 9, '2024-08-01 23:00:00', 'Patient complains of Sinusitis', 'ENT', 'High', 'Completed');
INSERT INTO patient_doctor_mapping (patient_id, doctor_id, department_id, first_visit_date, is_primary_doctor) VALUES (2, 18, 9, '2024-08-01', TRUE) ON CONFLICT (patient_id, doctor_id) DO NOTHING;
INSERT INTO medical_records (patient_id, doctor_id, department_id, appointment_id, diagnosis, vital_signs, record_date) VALUES (2, 18, 9, 3, 'Acute Sinusitis syndrome', '{"bp": "120/80", "temp": "98.6"}', '2024-08-01 23:00:00');
INSERT INTO lab_tests (patient_id, doctor_id, appointment_id, test_name, test_category, ordered_date, status, results) VALUES (2, 18, 3, 'Audiometry', 'Pathology', '2024-08-01 23:00:00', 'Completed', 'Normal');
INSERT INTO prescriptions (patient_id, doctor_id, appointment_id, medication_name, dosage, frequency, quantity) VALUES (2, 18, 3, 'Cetirizine', '500mg', '1-0-1', 10);
INSERT INTO invoices (patient_id, appointment_id, consultation_charges, lab_charges, medication_charges, total_amount, status, issue_date) VALUES (2, 3, 800, 1693, 553, 3046, 'Paid', '2024-08-01');
INSERT INTO appointments (appointment_id, patient_id, doctor_id, department_id, appointment_date, patient_problem_text, predicted_specialty, predicted_severity, status) VALUES (4, 3, 19, 10, '2024-09-02 11:00:00', 'Patient complains of Weakness', 'General Medicine', 'Low', 'Completed');
INSERT INTO patient_doctor_mapping (patient_id, doctor_id, department_id, first_visit_date, is_primary_doctor) VALUES (3, 19, 10, '2024-09-02', TRUE) ON CONFLICT (patient_id, doctor_id) DO NOTHING;
INSERT INTO medical_records (patient_id, doctor_id, department_id, appointment_id, diagnosis, vital_signs, record_date) VALUES (3, 19, 10, 4, 'Acute Weakness syndrome', '{"bp": "120/80", "temp": "98.6"}', '2024-09-02 11:00:00');
INSERT INTO invoices (patient_id, appointment_id, consultation_charges, lab_charges, medication_charges, total_amount, status, issue_date) VALUES (3, 4, 800, 0, 0, 800, 'Paid', '2024-09-02');
INSERT INTO appointments (appointment_id, patient_id, doctor_id, department_id, appointment_date, patient_problem_text, predicted_specialty, predicted_severity, status) VALUES (5, 4, 2, 1, '2025-06-29 06:00:00', 'Patient complains of Palpitations', 'Cardiology', 'Medium', 'Completed');
INSERT INTO patient_doctor_mapping (patient_id, doctor_id, department_id, first_visit_date, is_primary_doctor) VALUES (4, 2, 1, '2025-06-29', TRUE) ON CONFLICT (patient_id, doctor_id) DO NOTHING;
INSERT INTO medical_records (patient_id, doctor_id, department_id, appointment_id, diagnosis, vital_signs, record_date) VALUES (4, 2, 1, 5, 'Acute Palpitations syndrome', '{"bp": "120/80", "temp": "98.6"}', '2025-06-29 06:00:00');
INSERT INTO lab_tests (patient_id, doctor_id, appointment_id, test_name, test_category, ordered_date, status, results) VALUES (4, 2, 5, 'Troponin', 'Pathology', '2025-06-29 06:00:00', 'Completed', 'Normal');
INSERT INTO invoices (patient_id, appointment_id, consultation_charges, lab_charges, medication_charges, total_amount, status, issue_date) VALUES (4, 5, 800, 834, 0, 1634, 'Paid', '2025-06-29');
INSERT INTO admissions (admission_id, patient_id, primary_doctor_id, room_id, department_id, admission_date, actual_discharge_date, admission_reason, admission_type, status) VALUES (2, 4, 2, 19, 1, '2025-06-29 06:00:00', '2025-07-03', 'Acute Palpitations syndrome', 'Emergency', 'Discharged');
INSERT INTO admission_doctor_care (admission_id, doctor_id, department_id, role_in_care) VALUES (2, 2, 1, 'Primary');
INSERT INTO invoices (patient_id, admission_id, room_charges, total_amount, status, issue_date) VALUES (4, 2, 5000, 10000, 'Pending', '2025-06-29');
INSERT INTO appointments (appointment_id, patient_id, doctor_id, department_id, appointment_date, patient_problem_text, predicted_specialty, predicted_severity, status) VALUES (6, 5, 16, 8, '2024-09-12 14:00:00', 'Patient complains of Pregnancy', 'Gynecology', 'Low', 'Completed');
INSERT INTO patient_doctor_mapping (patient_id, doctor_id, department_id, first_visit_date, is_primary_doctor) VALUES (5, 16, 8, '2024-09-12', TRUE) ON CONFLICT (patient_id, doctor_id) DO NOTHING;
INSERT INTO medical_records (patient_id, doctor_id, department_id, appointment_id, diagnosis, vital_signs, record_date) VALUES (5, 16, 8, 6, 'Acute Pregnancy syndrome', '{"bp": "120/80", "temp": "98.6"}', '2024-09-12 14:00:00');
INSERT INTO lab_tests (patient_id, doctor_id, appointment_id, test_name, test_category, ordered_date, status, results) VALUES (5, 16, 6, 'Pap Smear', 'Pathology', '2024-09-12 14:00:00', 'Completed', 'Normal');
INSERT INTO invoices (patient_id, appointment_id, consultation_charges, lab_charges, medication_charges, total_amount, status, issue_date) VALUES (5, 6, 1000, 1962, 0, 2962, 'Paid', '2024-09-12');
INSERT INTO appointments (appointment_id, patient_id, doctor_id, department_id, appointment_date, patient_problem_text, predicted_specialty, predicted_severity, status) VALUES (7, 6, 13, 7, '2025-03-09 04:00:00', 'Patient complains of Ulcers', 'Gastroenterology', 'Low', 'Completed');
INSERT INTO patient_doctor_mapping (patient_id, doctor_id, department_id, first_visit_date, is_primary_doctor) VALUES (6, 13, 7, '2025-03-09', TRUE) ON CONFLICT (patient_id, doctor_id) DO NOTHING;
INSERT INTO medical_records (patient_id, doctor_id, department_id, appointment_id, diagnosis, vital_signs, record_date) VALUES (6, 13, 7, 7, 'Acute Ulcers syndrome', '{"bp": "120/80", "temp": "98.6"}', '2025-03-09 04:00:00');
INSERT INTO lab_tests (patient_id, doctor_id, appointment_id, test_name, test_category, ordered_date, status, results) VALUES (6, 13, 7, 'LFT', 'Pathology', '2025-03-09 04:00:00', 'Completed', 'Normal');
INSERT INTO prescriptions (patient_id, doctor_id, appointment_id, medication_name, dosage, frequency, quantity) VALUES (6, 13, 7, 'Pantoprazole', '500mg', '1-0-1', 10);
INSERT INTO invoices (patient_id, appointment_id, consultation_charges, lab_charges, medication_charges, total_amount, status, issue_date) VALUES (6, 7, 1500, 1383, 289, 3172, 'Paid', '2025-03-09');
INSERT INTO appointments (appointment_id, patient_id, doctor_id, department_id, appointment_date, patient_problem_text, predicted_specialty, predicted_severity, status) VALUES (8, 7, 20, 10, '2025-08-20 23:00:00', 'Patient complains of Weakness', 'General Medicine', 'Low', 'Completed');
INSERT INTO patient_doctor_mapping (patient_id, doctor_id, department_id, first_visit_date, is_primary_doctor) VALUES (7, 20, 10, '2025-08-20', TRUE) ON CONFLICT (patient_id, doctor_id) DO NOTHING;
INSERT INTO medical_records (patient_id, doctor_id, department_id, appointment_id, diagnosis, vital_signs, record_date) VALUES (7, 20, 10, 8, 'Acute Weakness syndrome', '{"bp": "120/80", "temp": "98.6"}', '2025-08-20 23:00:00');
INSERT INTO lab_tests (patient_id, doctor_id, appointment_id, test_name, test_category, ordered_date, status, results) VALUES (7, 20, 8, 'CBC', 'Pathology', '2025-08-20 23:00:00', 'Completed', 'Normal');
INSERT INTO prescriptions (patient_id, doctor_id, appointment_id, medication_name, dosage, frequency, quantity) VALUES (7, 20, 8, 'Paracetamol', '500mg', '1-0-1', 10);
INSERT INTO invoices (patient_id, appointment_id, consultation_charges, lab_charges, medication_charges, total_amount, status, issue_date) VALUES (7, 8, 1500, 1646, 517, 3663, 'Paid', '2025-08-20');
INSERT INTO appointments (appointment_id, patient_id, doctor_id, department_id, appointment_date, patient_problem_text, predicted_specialty, predicted_severity, status) VALUES (9, 8, 12, 6, '2024-03-20 09:00:00', 'Patient complains of Rash', 'Dermatology', 'Medium', 'Completed');
INSERT INTO patient_doctor_mapping (patient_id, doctor_id, department_id, first_visit_date, is_primary_doctor) VALUES (8, 12, 6, '2024-03-20', TRUE) ON CONFLICT (patient_id, doctor_id) DO NOTHING;
INSERT INTO medical_records (patient_id, doctor_id, department_id, appointment_id, diagnosis, vital_signs, record_date) VALUES (8, 12, 6, 9, 'Acute Rash syndrome', '{"bp": "120/80", "temp": "98.6"}', '2024-03-20 09:00:00');
INSERT INTO lab_tests (patient_id, doctor_id, appointment_id, test_name, test_category, ordered_date, status, results) VALUES (8, 12, 9, 'Skin Biopsy', 'Pathology', '2024-03-20 09:00:00', 'Completed', 'Normal');
INSERT INTO invoices (patient_id, appointment_id, consultation_charges, lab_charges, medication_charges, total_amount, status, issue_date) VALUES (8, 9, 800, 1437, 0, 2237, 'Paid', '2024-03-20');
INSERT INTO admissions (admission_id, patient_id, primary_doctor_id, room_id, department_id, admission_date, actual_discharge_date, admission_reason, admission_type, status) VALUES (3, 8, 12, 40, 6, '2024-03-20 09:00:00', '2024-03-26', 'Acute Rash syndrome', 'Emergency', 'Discharged');
INSERT INTO admission_doctor_care (admission_id, doctor_id, department_id, role_in_care) VALUES (3, 12, 6, 'Primary');
INSERT INTO invoices (patient_id, admission_id, room_charges, total_amount, status, issue_date) VALUES (8, 3, 5000, 10000, 'Pending', '2024-03-20');
INSERT INTO appointments (appointment_id, patient_id, doctor_id, department_id, appointment_date, patient_problem_text, predicted_specialty, predicted_severity, status) VALUES (10, 8, 8, 4, '2025-10-27 04:00:00', 'Patient complains of Infection', 'Pediatrics', 'High', 'Completed');
INSERT INTO patient_doctor_mapping (patient_id, doctor_id, department_id, first_visit_date, is_primary_doctor) VALUES (8, 8, 4, '2025-10-27', TRUE) ON CONFLICT (patient_id, doctor_id) DO NOTHING;
INSERT INTO medical_records (patient_id, doctor_id, department_id, appointment_id, diagnosis, vital_signs, record_date) VALUES (8, 8, 4, 10, 'Acute Infection syndrome', '{"bp": "120/80", "temp": "98.6"}', '2025-10-27 04:00:00');
INSERT INTO prescriptions (patient_id, doctor_id, appointment_id, medication_name, dosage, frequency, quantity) VALUES (8, 8, 10, 'Ibuprofen syp', '500mg', '1-0-1', 10);
INSERT INTO invoices (patient_id, appointment_id, consultation_charges, lab_charges, medication_charges, total_amount, status, issue_date) VALUES (8, 10, 1000, 0, 259, 1259, 'Paid', '2025-10-27');
INSERT INTO appointments (appointment_id, patient_id, doctor_id, department_id, appointment_date, patient_problem_text, predicted_specialty, predicted_severity, status) VALUES (11, 9, 19, 10, '2024-06-10 15:00:00', 'Patient complains of Weakness', 'General Medicine', 'Low', 'Completed');
INSERT INTO patient_doctor_mapping (patient_id, doctor_id, department_id, first_visit_date, is_primary_doctor) VALUES (9, 19, 10, '2024-06-10', TRUE) ON CONFLICT (patient_id, doctor_id) DO NOTHING;
INSERT INTO medical_records (patient_id, doctor_id, department_id, appointment_id, diagnosis, vital_signs, record_date) VALUES (9, 19, 10, 11, 'Acute Weakness syndrome', '{"bp": "120/80", "temp": "98.6"}', '2024-06-10 15:00:00');
INSERT INTO prescriptions (patient_id, doctor_id, appointment_id, medication_name, dosage, frequency, quantity) VALUES (9, 19, 11, 'Azithromycin', '500mg', '1-0-1', 10);
INSERT INTO invoices (patient_id, appointment_id, consultation_charges, lab_charges, medication_charges, total_amount, status, issue_date) VALUES (9, 11, 800, 0, 604, 1404, 'Paid', '2024-06-10');
INSERT INTO appointments (appointment_id, patient_id, doctor_id, department_id, appointment_date, patient_problem_text, predicted_specialty, predicted_severity, status) VALUES (12, 10, 5, 3, '2026-01-10 17:00:00', 'Patient complains of Joint pain', 'Orthopedics', 'Medium', 'Completed');
INSERT INTO patient_doctor_mapping (patient_id, doctor_id, department_id, first_visit_date, is_primary_doctor) VALUES (10, 5, 3, '2026-01-10', TRUE) ON CONFLICT (patient_id, doctor_id) DO NOTHING;
INSERT INTO medical_records (patient_id, doctor_id, department_id, appointment_id, diagnosis, vital_signs, record_date) VALUES (10, 5, 3, 12, 'Acute Joint pain syndrome', '{"bp": "120/80", "temp": "98.6"}', '2026-01-10 17:00:00');
INSERT INTO lab_tests (patient_id, doctor_id, appointment_id, test_name, test_category, ordered_date, status, results) VALUES (10, 5, 12, 'Bone Density', 'Pathology', '2026-01-10 17:00:00', 'Completed', 'Normal');
INSERT INTO invoices (patient_id, appointment_id, consultation_charges, lab_charges, medication_charges, total_amount, status, issue_date) VALUES (10, 12, 1000, 830, 0, 1830, 'Paid', '2026-01-10');
INSERT INTO appointments (appointment_id, patient_id, doctor_id, department_id, appointment_date, patient_problem_text, predicted_specialty, predicted_severity, status) VALUES (13, 10, 11, 6, '2024-07-01 19:00:00', 'Patient complains of Acne', 'Dermatology', 'Low', 'Completed');
INSERT INTO patient_doctor_mapping (patient_id, doctor_id, department_id, first_visit_date, is_primary_doctor) VALUES (10, 11, 6, '2024-07-01', TRUE) ON CONFLICT (patient_id, doctor_id) DO NOTHING;
INSERT INTO medical_records (patient_id, doctor_id, department_id, appointment_id, diagnosis, vital_signs, record_date) VALUES (10, 11, 6, 13, 'Acute Acne syndrome', '{"bp": "120/80", "temp": "98.6"}', '2024-07-01 19:00:00');
INSERT INTO lab_tests (patient_id, doctor_id, appointment_id, test_name, test_category, ordered_date, status, results) VALUES (10, 11, 13, 'Skin Biopsy', 'Pathology', '2024-07-01 19:00:00', 'Completed', 'Normal');
INSERT INTO invoices (patient_id, appointment_id, consultation_charges, lab_charges, medication_charges, total_amount, status, issue_date) VALUES (10, 13, 800, 1687, 0, 2487, 'Paid', '2024-07-01');
INSERT INTO appointments (appointment_id, patient_id, doctor_id, department_id, appointment_date, patient_problem_text, predicted_specialty, predicted_severity, status) VALUES (14, 11, 17, 9, '2025-05-02 17:00:00', 'Patient complains of Sinusitis', 'ENT', 'Medium', 'Completed');
INSERT INTO patient_doctor_mapping (patient_id, doctor_id, department_id, first_visit_date, is_primary_doctor) VALUES (11, 17, 9, '2025-05-02', TRUE) ON CONFLICT (patient_id, doctor_id) DO NOTHING;
INSERT INTO medical_records (patient_id, doctor_id, department_id, appointment_id, diagnosis, vital_signs, record_date) VALUES (11, 17, 9, 14, 'Acute Sinusitis syndrome', '{"bp": "120/80", "temp": "98.6"}', '2025-05-02 17:00:00');
INSERT INTO lab_tests (patient_id, doctor_id, appointment_id, test_name, test_category, ordered_date, status, results) VALUES (11, 17, 14, 'Nasal Endoscopy', 'Pathology', '2025-05-02 17:00:00', 'Completed', 'Normal');
INSERT INTO prescriptions (patient_id, doctor_id, appointment_id, medication_name, dosage, frequency, quantity) VALUES (11, 17, 14, 'Augmentin', '500mg', '1-0-1', 10);
INSERT INTO invoices (patient_id, appointment_id, consultation_charges, lab_charges, medication_charges, total_amount, status, issue_date) VALUES (11, 14, 1000, 1006, 337, 2343, 'Paid', '2025-05-02');
INSERT INTO appointments (appointment_id, patient_id, doctor_id, department_id, appointment_date, patient_problem_text, predicted_specialty, predicted_severity, status) VALUES (15, 12, 9, 5, '2025-09-30 20:00:00', 'Patient complains of Tumor', 'Oncology', 'Low', 'Completed');
INSERT INTO patient_doctor_mapping (patient_id, doctor_id, department_id, first_visit_date, is_primary_doctor) VALUES (12, 9, 5, '2025-09-30', TRUE) ON CONFLICT (patient_id, doctor_id) DO NOTHING;
INSERT INTO medical_records (patient_id, doctor_id, department_id, appointment_id, diagnosis, vital_signs, record_date) VALUES (12, 9, 5, 15, 'Acute Tumor syndrome', '{"bp": "120/80", "temp": "98.6"}', '2025-09-30 20:00:00');
INSERT INTO lab_tests (patient_id, doctor_id, appointment_id, test_name, test_category, ordered_date, status, results) VALUES (12, 9, 15, 'PET Scan', 'Pathology', '2025-09-30 20:00:00', 'Completed', 'Normal');
INSERT INTO prescriptions (patient_id, doctor_id, appointment_id, medication_name, dosage, frequency, quantity) VALUES (12, 9, 15, 'Tamoxifen', '500mg', '1-0-1', 10);
INSERT INTO invoices (patient_id, appointment_id, consultation_charges, lab_charges, medication_charges, total_amount, status, issue_date) VALUES (12, 15, 500, 1787, 225, 2512, 'Paid', '2025-09-30');
INSERT INTO appointments (appointment_id, patient_id, doctor_id, department_id, appointment_date, patient_problem_text, predicted_specialty, predicted_severity, status) VALUES (16, 12, 14, 7, '2024-12-06 10:00:00', 'Patient complains of Stomach pain', 'Gastroenterology', 'Low', 'Completed');
INSERT INTO patient_doctor_mapping (patient_id, doctor_id, department_id, first_visit_date, is_primary_doctor) VALUES (12, 14, 7, '2024-12-06', TRUE) ON CONFLICT (patient_id, doctor_id) DO NOTHING;
INSERT INTO medical_records (patient_id, doctor_id, department_id, appointment_id, diagnosis, vital_signs, record_date) VALUES (12, 14, 7, 16, 'Acute Stomach pain syndrome', '{"bp": "120/80", "temp": "98.6"}', '2024-12-06 10:00:00');
INSERT INTO prescriptions (patient_id, doctor_id, appointment_id, medication_name, dosage, frequency, quantity) VALUES (12, 14, 16, 'Pantoprazole', '500mg', '1-0-1', 10);
INSERT INTO invoices (patient_id, appointment_id, consultation_charges, lab_charges, medication_charges, total_amount, status, issue_date) VALUES (12, 16, 1000, 0, 714, 1714, 'Paid', '2024-12-06');
INSERT INTO appointments (appointment_id, patient_id, doctor_id, department_id, appointment_date, patient_problem_text, predicted_specialty, predicted_severity, status) VALUES (17, 13, 19, 10, '2025-08-26 18:00:00', 'Patient complains of Weakness', 'General Medicine', 'Low', 'Completed');
INSERT INTO patient_doctor_mapping (patient_id, doctor_id, department_id, first_visit_date, is_primary_doctor) VALUES (13, 19, 10, '2025-08-26', TRUE) ON CONFLICT (patient_id, doctor_id) DO NOTHING;
INSERT INTO medical_records (patient_id, doctor_id, department_id, appointment_id, diagnosis, vital_signs, record_date) VALUES (13, 19, 10, 17, 'Acute Weakness syndrome', '{"bp": "120/80", "temp": "98.6"}', '2025-08-26 18:00:00');
INSERT INTO lab_tests (patient_id, doctor_id, appointment_id, test_name, test_category, ordered_date, status, results) VALUES (13, 19, 17, 'Typhoid Test', 'Pathology', '2025-08-26 18:00:00', 'Completed', 'Normal');
INSERT INTO prescriptions (patient_id, doctor_id, appointment_id, medication_name, dosage, frequency, quantity) VALUES (13, 19, 17, 'Paracetamol', '500mg', '1-0-1', 10);
INSERT INTO invoices (patient_id, appointment_id, consultation_charges, lab_charges, medication_charges, total_amount, status, issue_date) VALUES (13, 17, 800, 690, 280, 1770, 'Paid', '2025-08-26');
INSERT INTO appointments (appointment_id, patient_id, doctor_id, department_id, appointment_date, patient_problem_text, predicted_specialty, predicted_severity, status) VALUES (18, 14, 17, 9, '2024-04-07 13:00:00', 'Patient complains of Sinusitis', 'ENT', 'High', 'Completed');
INSERT INTO patient_doctor_mapping (patient_id, doctor_id, department_id, first_visit_date, is_primary_doctor) VALUES (14, 17, 9, '2024-04-07', TRUE) ON CONFLICT (patient_id, doctor_id) DO NOTHING;
INSERT INTO medical_records (patient_id, doctor_id, department_id, appointment_id, diagnosis, vital_signs, record_date) VALUES (14, 17, 9, 18, 'Acute Sinusitis syndrome', '{"bp": "120/80", "temp": "98.6"}', '2024-04-07 13:00:00');
INSERT INTO prescriptions (patient_id, doctor_id, appointment_id, medication_name, dosage, frequency, quantity) VALUES (14, 17, 18, 'Otrivin', '500mg', '1-0-1', 10);
INSERT INTO invoices (patient_id, appointment_id, consultation_charges, lab_charges, medication_charges, total_amount, status, issue_date) VALUES (14, 18, 1000, 0, 799, 1799, 'Paid', '2024-04-07');
UPDATE rooms SET status = 'Occupied', current_occupancy = 1 WHERE room_id = 77;
INSERT INTO admissions (admission_id, patient_id, primary_doctor_id, room_id, department_id, admission_date, actual_discharge_date, admission_reason, admission_type, status) VALUES (4, 14, 17, 77, 9, '2026-01-16 20:00:51.958825', NULL, 'Acute Sinusitis syndrome', 'Emergency', 'Active');
INSERT INTO admission_doctor_care (admission_id, doctor_id, department_id, role_in_care) VALUES (4, 17, 9, 'Primary');
INSERT INTO invoices (patient_id, admission_id, room_charges, total_amount, status, issue_date) VALUES (14, 4, 5000, 10000, 'Pending', '2026-01-16');
INSERT INTO appointments (appointment_id, patient_id, doctor_id, department_id, appointment_date, patient_problem_text, predicted_specialty, predicted_severity, status) VALUES (19, 15, 3, 2, '2024-09-23 18:00:00', 'Patient complains of Migraine', 'Neurology', 'High', 'Completed');
INSERT INTO patient_doctor_mapping (patient_id, doctor_id, department_id, first_visit_date, is_primary_doctor) VALUES (15, 3, 2, '2024-09-23', TRUE) ON CONFLICT (patient_id, doctor_id) DO NOTHING;
INSERT INTO medical_records (patient_id, doctor_id, department_id, appointment_id, diagnosis, vital_signs, record_date) VALUES (15, 3, 2, 19, 'Acute Migraine syndrome', '{"bp": "120/80", "temp": "98.6"}', '2024-09-23 18:00:00');
INSERT INTO lab_tests (patient_id, doctor_id, appointment_id, test_name, test_category, ordered_date, status, results) VALUES (15, 3, 19, 'MRI Brain', 'Pathology', '2024-09-23 18:00:00', 'Completed', 'Normal');
INSERT INTO prescriptions (patient_id, doctor_id, appointment_id, medication_name, dosage, frequency, quantity) VALUES (15, 3, 19, 'Topiramate', '500mg', '1-0-1', 10);
INSERT INTO invoices (patient_id, appointment_id, consultation_charges, lab_charges, medication_charges, total_amount, status, issue_date) VALUES (15, 19, 800, 1355, 540, 2695, 'Paid', '2024-09-23');
INSERT INTO appointments (appointment_id, patient_id, doctor_id, department_id, appointment_date, patient_problem_text, predicted_specialty, predicted_severity, status) VALUES (20, 15, 12, 6, '2024-11-14 11:00:00', 'Patient complains of Rash', 'Dermatology', 'Low', 'Completed');
INSERT INTO patient_doctor_mapping (patient_id, doctor_id, department_id, first_visit_date, is_primary_doctor) VALUES (15, 12, 6, '2024-11-14', TRUE) ON CONFLICT (patient_id, doctor_id) DO NOTHING;
INSERT INTO medical_records (patient_id, doctor_id, department_id, appointment_id, diagnosis, vital_signs, record_date) VALUES (15, 12, 6, 20, 'Acute Rash syndrome', '{"bp": "120/80", "temp": "98.6"}', '2024-11-14 11:00:00');
INSERT INTO prescriptions (patient_id, doctor_id, appointment_id, medication_name, dosage, frequency, quantity) VALUES (15, 12, 20, 'Benzoyl Peroxide', '500mg', '1-0-1', 10);
INSERT INTO invoices (patient_id, appointment_id, consultation_charges, lab_charges, medication_charges, total_amount, status, issue_date) VALUES (15, 20, 800, 0, 524, 1324, 'Paid', '2024-11-14');
INSERT INTO appointments (appointment_id, patient_id, doctor_id, department_id, appointment_date, patient_problem_text, predicted_specialty, predicted_severity, status) VALUES (21, 16, 3, 2, '2026-01-12 21:00:00', 'Patient complains of Migraine', 'Neurology', 'High', 'Completed');
INSERT INTO patient_doctor_mapping (patient_id, doctor_id, department_id, first_visit_date, is_primary_doctor) VALUES (16, 3, 2, '2026-01-12', TRUE) ON CONFLICT (patient_id, doctor_id) DO NOTHING;
INSERT INTO medical_records (patient_id, doctor_id, department_id, appointment_id, diagnosis, vital_signs, record_date) VALUES (16, 3, 2, 21, 'Acute Migraine syndrome', '{"bp": "120/80", "temp": "98.6"}', '2026-01-12 21:00:00');
INSERT INTO lab_tests (patient_id, doctor_id, appointment_id, test_name, test_category, ordered_date, status, results) VALUES (16, 3, 21, 'CT Scan', 'Pathology', '2026-01-12 21:00:00', 'Completed', 'Normal');
INSERT INTO prescriptions (patient_id, doctor_id, appointment_id, medication_name, dosage, frequency, quantity) VALUES (16, 3, 21, 'Topiramate', '500mg', '1-0-1', 10);
INSERT INTO invoices (patient_id, appointment_id, consultation_charges, lab_charges, medication_charges, total_amount, status, issue_date) VALUES (16, 21, 800, 1533, 864, 3197, 'Paid', '2026-01-12');
INSERT INTO admissions (admission_id, patient_id, primary_doctor_id, room_id, department_id, admission_date, actual_discharge_date, admission_reason, admission_type, status) VALUES (5, 16, 3, 77, 2, '2026-01-12 21:00:00', '2026-01-17', 'Acute Migraine syndrome', 'Emergency', 'Discharged');
INSERT INTO admission_doctor_care (admission_id, doctor_id, department_id, role_in_care) VALUES (5, 3, 2, 'Primary');
INSERT INTO invoices (patient_id, admission_id, room_charges, total_amount, status, issue_date) VALUES (16, 5, 5000, 10000, 'Pending', '2026-01-12');
INSERT INTO appointments (appointment_id, patient_id, doctor_id, department_id, appointment_date, patient_problem_text, predicted_specialty, predicted_severity, status) VALUES (22, 16, 19, 10, '2024-05-18 05:00:00', 'Patient complains of Viral fever', 'General Medicine', 'Low', 'Completed');
INSERT INTO patient_doctor_mapping (patient_id, doctor_id, department_id, first_visit_date, is_primary_doctor) VALUES (16, 19, 10, '2024-05-18', TRUE) ON CONFLICT (patient_id, doctor_id) DO NOTHING;
INSERT INTO medical_records (patient_id, doctor_id, department_id, appointment_id, diagnosis, vital_signs, record_date) VALUES (16, 19, 10, 22, 'Acute Viral fever syndrome', '{"bp": "120/80", "temp": "98.6"}', '2024-05-18 05:00:00');
INSERT INTO invoices (patient_id, appointment_id, consultation_charges, lab_charges, medication_charges, total_amount, status, issue_date) VALUES (16, 22, 800, 0, 0, 800, 'Paid', '2024-05-18');
INSERT INTO appointments (appointment_id, patient_id, doctor_id, department_id, appointment_date, patient_problem_text, predicted_specialty, predicted_severity, status) VALUES (23, 17, 3, 2, '2025-02-19 05:00:00', 'Patient complains of Migraine', 'Neurology', 'Medium', 'Completed');
INSERT INTO patient_doctor_mapping (patient_id, doctor_id, department_id, first_visit_date, is_primary_doctor) VALUES (17, 3, 2, '2025-02-19', TRUE) ON CONFLICT (patient_id, doctor_id) DO NOTHING;
INSERT INTO medical_records (patient_id, doctor_id, department_id, appointment_id, diagnosis, vital_signs, record_date) VALUES (17, 3, 2, 23, 'Acute Migraine syndrome', '{"bp": "120/80", "temp": "98.6"}', '2025-02-19 05:00:00');
INSERT INTO lab_tests (patient_id, doctor_id, appointment_id, test_name, test_category, ordered_date, status, results) VALUES (17, 3, 23, 'MRI Brain', 'Pathology', '2025-02-19 05:00:00', 'Completed', 'Normal');
INSERT INTO invoices (patient_id, appointment_id, consultation_charges, lab_charges, medication_charges, total_amount, status, issue_date) VALUES (17, 23, 800, 1343, 0, 2143, 'Paid', '2025-02-19');
INSERT INTO admissions (admission_id, patient_id, primary_doctor_id, room_id, department_id, admission_date, actual_discharge_date, admission_reason, admission_type, status) VALUES (6, 17, 3, 4, 2, '2025-02-19 05:00:00', '2025-02-23', 'Acute Migraine syndrome', 'Emergency', 'Discharged');
INSERT INTO admission_doctor_care (admission_id, doctor_id, department_id, role_in_care) VALUES (6, 3, 2, 'Primary');
INSERT INTO invoices (patient_id, admission_id, room_charges, total_amount, status, issue_date) VALUES (17, 6, 5000, 10000, 'Pending', '2025-02-19');
INSERT INTO appointments (appointment_id, patient_id, doctor_id, department_id, appointment_date, patient_problem_text, predicted_specialty, predicted_severity, status) VALUES (24, 18, 11, 6, '2025-03-24 02:00:00', 'Patient complains of Rash', 'Dermatology', 'Medium', 'Completed');
INSERT INTO patient_doctor_mapping (patient_id, doctor_id, department_id, first_visit_date, is_primary_doctor) VALUES (18, 11, 6, '2025-03-24', TRUE) ON CONFLICT (patient_id, doctor_id) DO NOTHING;
INSERT INTO medical_records (patient_id, doctor_id, department_id, appointment_id, diagnosis, vital_signs, record_date) VALUES (18, 11, 6, 24, 'Acute Rash syndrome', '{"bp": "120/80", "temp": "98.6"}', '2025-03-24 02:00:00');
INSERT INTO lab_tests (patient_id, doctor_id, appointment_id, test_name, test_category, ordered_date, status, results) VALUES (18, 11, 24, 'Skin Biopsy', 'Pathology', '2025-03-24 02:00:00', 'Completed', 'Normal');
INSERT INTO prescriptions (patient_id, doctor_id, appointment_id, medication_name, dosage, frequency, quantity) VALUES (18, 11, 24, 'Benzoyl Peroxide', '500mg', '1-0-1', 10);
INSERT INTO invoices (patient_id, appointment_id, consultation_charges, lab_charges, medication_charges, total_amount, status, issue_date) VALUES (18, 24, 800, 872, 395, 2067, 'Paid', '2025-03-24');
UPDATE rooms SET status = 'Occupied', current_occupancy = 1 WHERE room_id = 86;
INSERT INTO admissions (admission_id, patient_id, primary_doctor_id, room_id, department_id, admission_date, actual_discharge_date, admission_reason, admission_type, status) VALUES (7, 18, 11, 86, 6, '2026-01-15 20:00:51.958825', NULL, 'Acute Rash syndrome', 'Emergency', 'Active');
INSERT INTO admission_doctor_care (admission_id, doctor_id, department_id, role_in_care) VALUES (7, 11, 6, 'Primary');
INSERT INTO invoices (patient_id, admission_id, room_charges, total_amount, status, issue_date) VALUES (18, 7, 5000, 10000, 'Pending', '2026-01-15');
INSERT INTO appointments (appointment_id, patient_id, doctor_id, department_id, appointment_date, patient_problem_text, predicted_specialty, predicted_severity, status) VALUES (25, 18, 13, 7, '2025-07-05 11:00:00', 'Patient complains of Ulcers', 'Gastroenterology', 'High', 'Completed');
INSERT INTO patient_doctor_mapping (patient_id, doctor_id, department_id, first_visit_date, is_primary_doctor) VALUES (18, 13, 7, '2025-07-05', TRUE) ON CONFLICT (patient_id, doctor_id) DO NOTHING;
INSERT INTO medical_records (patient_id, doctor_id, department_id, appointment_id, diagnosis, vital_signs, record_date) VALUES (18, 13, 7, 25, 'Acute Ulcers syndrome', '{"bp": "120/80", "temp": "98.6"}', '2025-07-05 11:00:00');
INSERT INTO lab_tests (patient_id, doctor_id, appointment_id, test_name, test_category, ordered_date, status, results) VALUES (18, 13, 25, 'Colonoscopy', 'Pathology', '2025-07-05 11:00:00', 'Completed', 'Normal');
INSERT INTO invoices (patient_id, appointment_id, consultation_charges, lab_charges, medication_charges, total_amount, status, issue_date) VALUES (18, 25, 1500, 1620, 0, 3120, 'Paid', '2025-07-05');
INSERT INTO appointments (appointment_id, patient_id, doctor_id, department_id, appointment_date, patient_problem_text, predicted_specialty, predicted_severity, status) VALUES (26, 19, 11, 6, '2024-04-14 19:00:00', 'Patient complains of Acne', 'Dermatology', 'Low', 'Completed');
INSERT INTO patient_doctor_mapping (patient_id, doctor_id, department_id, first_visit_date, is_primary_doctor) VALUES (19, 11, 6, '2024-04-14', TRUE) ON CONFLICT (patient_id, doctor_id) DO NOTHING;
INSERT INTO medical_records (patient_id, doctor_id, department_id, appointment_id, diagnosis, vital_signs, record_date) VALUES (19, 11, 6, 26, 'Acute Acne syndrome', '{"bp": "120/80", "temp": "98.6"}', '2024-04-14 19:00:00');
INSERT INTO invoices (patient_id, appointment_id, consultation_charges, lab_charges, medication_charges, total_amount, status, issue_date) VALUES (19, 26, 800, 0, 0, 800, 'Paid', '2024-04-14');
INSERT INTO appointments (appointment_id, patient_id, doctor_id, department_id, appointment_date, patient_problem_text, predicted_specialty, predicted_severity, status) VALUES (27, 20, 9, 5, '2024-11-11 09:00:00', 'Patient complains of Weight loss', 'Oncology', 'High', 'Completed');
INSERT INTO patient_doctor_mapping (patient_id, doctor_id, department_id, first_visit_date, is_primary_doctor) VALUES (20, 9, 5, '2024-11-11', TRUE) ON CONFLICT (patient_id, doctor_id) DO NOTHING;
INSERT INTO medical_records (patient_id, doctor_id, department_id, appointment_id, diagnosis, vital_signs, record_date) VALUES (20, 9, 5, 27, 'Acute Weight loss syndrome', '{"bp": "120/80", "temp": "98.6"}', '2024-11-11 09:00:00');
INSERT INTO lab_tests (patient_id, doctor_id, appointment_id, test_name, test_category, ordered_date, status, results) VALUES (20, 9, 27, 'Tumor Markers', 'Pathology', '2024-11-11 09:00:00', 'Completed', 'Normal');
INSERT INTO invoices (patient_id, appointment_id, consultation_charges, lab_charges, medication_charges, total_amount, status, issue_date) VALUES (20, 27, 500, 742, 0, 1242, 'Paid', '2024-11-11');
INSERT INTO appointments (appointment_id, patient_id, doctor_id, department_id, appointment_date, patient_problem_text, predicted_specialty, predicted_severity, status) VALUES (28, 21, 17, 9, '2024-10-10 18:00:00', 'Patient complains of Ear pain', 'ENT', 'Low', 'Completed');
INSERT INTO patient_doctor_mapping (patient_id, doctor_id, department_id, first_visit_date, is_primary_doctor) VALUES (21, 17, 9, '2024-10-10', TRUE) ON CONFLICT (patient_id, doctor_id) DO NOTHING;
INSERT INTO medical_records (patient_id, doctor_id, department_id, appointment_id, diagnosis, vital_signs, record_date) VALUES (21, 17, 9, 28, 'Acute Ear pain syndrome', '{"bp": "120/80", "temp": "98.6"}', '2024-10-10 18:00:00');
INSERT INTO lab_tests (patient_id, doctor_id, appointment_id, test_name, test_category, ordered_date, status, results) VALUES (21, 17, 28, 'Nasal Endoscopy', 'Pathology', '2024-10-10 18:00:00', 'Completed', 'Normal');
INSERT INTO prescriptions (patient_id, doctor_id, appointment_id, medication_name, dosage, frequency, quantity) VALUES (21, 17, 28, 'Augmentin', '500mg', '1-0-1', 10);
INSERT INTO invoices (patient_id, appointment_id, consultation_charges, lab_charges, medication_charges, total_amount, status, issue_date) VALUES (21, 28, 1000, 948, 939, 2887, 'Paid', '2024-10-10');
INSERT INTO appointments (appointment_id, patient_id, doctor_id, department_id, appointment_date, patient_problem_text, predicted_specialty, predicted_severity, status) VALUES (29, 22, 16, 8, '2024-12-27 21:00:00', 'Patient complains of Pregnancy', 'Gynecology', 'High', 'Completed');
INSERT INTO patient_doctor_mapping (patient_id, doctor_id, department_id, first_visit_date, is_primary_doctor) VALUES (22, 16, 8, '2024-12-27', TRUE) ON CONFLICT (patient_id, doctor_id) DO NOTHING;
INSERT INTO medical_records (patient_id, doctor_id, department_id, appointment_id, diagnosis, vital_signs, record_date) VALUES (22, 16, 8, 29, 'Acute Pregnancy syndrome', '{"bp": "120/80", "temp": "98.6"}', '2024-12-27 21:00:00');
INSERT INTO prescriptions (patient_id, doctor_id, appointment_id, medication_name, dosage, frequency, quantity) VALUES (22, 16, 29, 'Iron', '500mg', '1-0-1', 10);
INSERT INTO invoices (patient_id, appointment_id, consultation_charges, lab_charges, medication_charges, total_amount, status, issue_date) VALUES (22, 29, 1000, 0, 555, 1555, 'Paid', '2024-12-27');
UPDATE rooms SET status = 'Occupied', current_occupancy = 1 WHERE room_id = 118;
INSERT INTO admissions (admission_id, patient_id, primary_doctor_id, room_id, department_id, admission_date, actual_discharge_date, admission_reason, admission_type, status) VALUES (8, 22, 16, 118, 8, '2026-01-15 20:00:51.958825', NULL, 'Acute Pregnancy syndrome', 'Emergency', 'Active');
INSERT INTO admission_doctor_care (admission_id, doctor_id, department_id, role_in_care) VALUES (8, 16, 8, 'Primary');
INSERT INTO invoices (patient_id, admission_id, room_charges, total_amount, status, issue_date) VALUES (22, 8, 5000, 10000, 'Pending', '2026-01-15');
INSERT INTO appointments (appointment_id, patient_id, doctor_id, department_id, appointment_date, patient_problem_text, predicted_specialty, predicted_severity, status) VALUES (30, 23, 11, 6, '2024-01-15 01:00:00', 'Patient complains of Acne', 'Dermatology', 'Low', 'Completed');
INSERT INTO patient_doctor_mapping (patient_id, doctor_id, department_id, first_visit_date, is_primary_doctor) VALUES (23, 11, 6, '2024-01-15', TRUE) ON CONFLICT (patient_id, doctor_id) DO NOTHING;
INSERT INTO medical_records (patient_id, doctor_id, department_id, appointment_id, diagnosis, vital_signs, record_date) VALUES (23, 11, 6, 30, 'Acute Acne syndrome', '{"bp": "120/80", "temp": "98.6"}', '2024-01-15 01:00:00');
INSERT INTO prescriptions (patient_id, doctor_id, appointment_id, medication_name, dosage, frequency, quantity) VALUES (23, 11, 30, 'Cetirizine', '500mg', '1-0-1', 10);
INSERT INTO invoices (patient_id, appointment_id, consultation_charges, lab_charges, medication_charges, total_amount, status, issue_date) VALUES (23, 30, 800, 0, 370, 1170, 'Paid', '2024-01-15');
INSERT INTO appointments (appointment_id, patient_id, doctor_id, department_id, appointment_date, patient_problem_text, predicted_specialty, predicted_severity, status) VALUES (31, 23, 15, 8, '2025-02-21 02:00:00', 'Patient complains of Pregnancy', 'Gynecology', 'High', 'Completed');
INSERT INTO patient_doctor_mapping (patient_id, doctor_id, department_id, first_visit_date, is_primary_doctor) VALUES (23, 15, 8, '2025-02-21', TRUE) ON CONFLICT (patient_id, doctor_id) DO NOTHING;
INSERT INTO medical_records (patient_id, doctor_id, department_id, appointment_id, diagnosis, vital_signs, record_date) VALUES (23, 15, 8, 31, 'Acute Pregnancy syndrome', '{"bp": "120/80", "temp": "98.6"}', '2025-02-21 02:00:00');
INSERT INTO lab_tests (patient_id, doctor_id, appointment_id, test_name, test_category, ordered_date, status, results) VALUES (23, 15, 31, 'Hormone Panel', 'Pathology', '2025-02-21 02:00:00', 'Completed', 'Normal');
INSERT INTO prescriptions (patient_id, doctor_id, appointment_id, medication_name, dosage, frequency, quantity) VALUES (23, 15, 31, 'Metformin', '500mg', '1-0-1', 10);
INSERT INTO invoices (patient_id, appointment_id, consultation_charges, lab_charges, medication_charges, total_amount, status, issue_date) VALUES (23, 31, 1500, 1061, 883, 3444, 'Paid', '2025-02-21');
INSERT INTO appointments (appointment_id, patient_id, doctor_id, department_id, appointment_date, patient_problem_text, predicted_specialty, predicted_severity, status) VALUES (32, 24, 4, 2, '2025-03-11 04:00:00', 'Patient complains of Seizures', 'Neurology', 'Medium', 'Completed');
INSERT INTO patient_doctor_mapping (patient_id, doctor_id, department_id, first_visit_date, is_primary_doctor) VALUES (24, 4, 2, '2025-03-11', TRUE) ON CONFLICT (patient_id, doctor_id) DO NOTHING;
INSERT INTO medical_records (patient_id, doctor_id, department_id, appointment_id, diagnosis, vital_signs, record_date) VALUES (24, 4, 2, 32, 'Acute Seizures syndrome', '{"bp": "120/80", "temp": "98.6"}', '2025-03-11 04:00:00');
INSERT INTO lab_tests (patient_id, doctor_id, appointment_id, test_name, test_category, ordered_date, status, results) VALUES (24, 4, 32, 'MRI Brain', 'Pathology', '2025-03-11 04:00:00', 'Completed', 'Normal');
INSERT INTO prescriptions (patient_id, doctor_id, appointment_id, medication_name, dosage, frequency, quantity) VALUES (24, 4, 32, 'Paracetamol', '500mg', '1-0-1', 10);
INSERT INTO invoices (patient_id, appointment_id, consultation_charges, lab_charges, medication_charges, total_amount, status, issue_date) VALUES (24, 32, 1000, 1887, 211, 3098, 'Paid', '2025-03-11');
UPDATE rooms SET status = 'Occupied', current_occupancy = 1 WHERE room_id = 88;
INSERT INTO admissions (admission_id, patient_id, primary_doctor_id, room_id, department_id, admission_date, actual_discharge_date, admission_reason, admission_type, status) VALUES (9, 24, 4, 88, 2, '2026-01-14 20:00:51.958825', NULL, 'Acute Seizures syndrome', 'Emergency', 'Active');
INSERT INTO admission_doctor_care (admission_id, doctor_id, department_id, role_in_care) VALUES (9, 4, 2, 'Primary');
INSERT INTO invoices (patient_id, admission_id, room_charges, total_amount, status, issue_date) VALUES (24, 9, 5000, 10000, 'Pending', '2026-01-14');
INSERT INTO appointments (appointment_id, patient_id, doctor_id, department_id, appointment_date, patient_problem_text, predicted_specialty, predicted_severity, status) VALUES (33, 25, 20, 10, '2024-08-27 11:00:00', 'Patient complains of Viral fever', 'General Medicine', 'Medium', 'Completed');
INSERT INTO patient_doctor_mapping (patient_id, doctor_id, department_id, first_visit_date, is_primary_doctor) VALUES (25, 20, 10, '2024-08-27', TRUE) ON CONFLICT (patient_id, doctor_id) DO NOTHING;
INSERT INTO medical_records (patient_id, doctor_id, department_id, appointment_id, diagnosis, vital_signs, record_date) VALUES (25, 20, 10, 33, 'Acute Viral fever syndrome', '{"bp": "120/80", "temp": "98.6"}', '2024-08-27 11:00:00');
INSERT INTO prescriptions (patient_id, doctor_id, appointment_id, medication_name, dosage, frequency, quantity) VALUES (25, 20, 33, 'Azithromycin', '500mg', '1-0-1', 10);
INSERT INTO invoices (patient_id, appointment_id, consultation_charges, lab_charges, medication_charges, total_amount, status, issue_date) VALUES (25, 33, 1500, 0, 891, 2391, 'Paid', '2024-08-27');
INSERT INTO appointments (appointment_id, patient_id, doctor_id, department_id, appointment_date, patient_problem_text, predicted_specialty, predicted_severity, status) VALUES (34, 25, 12, 6, '2024-06-02 05:00:00', 'Patient complains of Rash', 'Dermatology', 'Medium', 'Completed');
INSERT INTO patient_doctor_mapping (patient_id, doctor_id, department_id, first_visit_date, is_primary_doctor) VALUES (25, 12, 6, '2024-06-02', TRUE) ON CONFLICT (patient_id, doctor_id) DO NOTHING;
INSERT INTO medical_records (patient_id, doctor_id, department_id, appointment_id, diagnosis, vital_signs, record_date) VALUES (25, 12, 6, 34, 'Acute Rash syndrome', '{"bp": "120/80", "temp": "98.6"}', '2024-06-02 05:00:00');
INSERT INTO lab_tests (patient_id, doctor_id, appointment_id, test_name, test_category, ordered_date, status, results) VALUES (25, 12, 34, 'Skin Biopsy', 'Pathology', '2024-06-02 05:00:00', 'Completed', 'Normal');
INSERT INTO invoices (patient_id, appointment_id, consultation_charges, lab_charges, medication_charges, total_amount, status, issue_date) VALUES (25, 34, 800, 1856, 0, 2656, 'Paid', '2024-06-02');
INSERT INTO appointments (appointment_id, patient_id, doctor_id, department_id, appointment_date, patient_problem_text, predicted_specialty, predicted_severity, status) VALUES (35, 26, 15, 8, '2024-01-17 13:00:00', 'Patient complains of PCOS', 'Gynecology', 'Low', 'Completed');
INSERT INTO patient_doctor_mapping (patient_id, doctor_id, department_id, first_visit_date, is_primary_doctor) VALUES (26, 15, 8, '2024-01-17', TRUE) ON CONFLICT (patient_id, doctor_id) DO NOTHING;
INSERT INTO medical_records (patient_id, doctor_id, department_id, appointment_id, diagnosis, vital_signs, record_date) VALUES (26, 15, 8, 35, 'Acute PCOS syndrome', '{"bp": "120/80", "temp": "98.6"}', '2024-01-17 13:00:00');
INSERT INTO prescriptions (patient_id, doctor_id, appointment_id, medication_name, dosage, frequency, quantity) VALUES (26, 15, 35, 'Folic Acid', '500mg', '1-0-1', 10);
INSERT INTO invoices (patient_id, appointment_id, consultation_charges, lab_charges, medication_charges, total_amount, status, issue_date) VALUES (26, 35, 1500, 0, 464, 1964, 'Paid', '2024-01-17');
INSERT INTO appointments (appointment_id, patient_id, doctor_id, department_id, appointment_date, patient_problem_text, predicted_specialty, predicted_severity, status) VALUES (36, 26, 8, 4, '2024-11-02 21:00:00', 'Patient complains of Fever', 'Pediatrics', 'Low', 'Completed');
INSERT INTO patient_doctor_mapping (patient_id, doctor_id, department_id, first_visit_date, is_primary_doctor) VALUES (26, 8, 4, '2024-11-02', TRUE) ON CONFLICT (patient_id, doctor_id) DO NOTHING;
INSERT INTO medical_records (patient_id, doctor_id, department_id, appointment_id, diagnosis, vital_signs, record_date) VALUES (26, 8, 4, 36, 'Acute Fever syndrome', '{"bp": "120/80", "temp": "98.6"}', '2024-11-02 21:00:00');
INSERT INTO lab_tests (patient_id, doctor_id, appointment_id, test_name, test_category, ordered_date, status, results) VALUES (26, 8, 36, 'CBC', 'Pathology', '2024-11-02 21:00:00', 'Completed', 'Normal');
INSERT INTO prescriptions (patient_id, doctor_id, appointment_id, medication_name, dosage, frequency, quantity) VALUES (26, 8, 36, 'Ibuprofen syp', '500mg', '1-0-1', 10);
INSERT INTO invoices (patient_id, appointment_id, consultation_charges, lab_charges, medication_charges, total_amount, status, issue_date) VALUES (26, 36, 1000, 1840, 468, 3308, 'Paid', '2024-11-02');
INSERT INTO appointments (appointment_id, patient_id, doctor_id, department_id, appointment_date, patient_problem_text, predicted_specialty, predicted_severity, status) VALUES (37, 27, 6, 3, '2025-08-29 19:00:00', 'Patient complains of Fracture', 'Orthopedics', 'Low', 'Completed');
INSERT INTO patient_doctor_mapping (patient_id, doctor_id, department_id, first_visit_date, is_primary_doctor) VALUES (27, 6, 3, '2025-08-29', TRUE) ON CONFLICT (patient_id, doctor_id) DO NOTHING;
INSERT INTO medical_records (patient_id, doctor_id, department_id, appointment_id, diagnosis, vital_signs, record_date) VALUES (27, 6, 3, 37, 'Acute Fracture syndrome', '{"bp": "120/80", "temp": "98.6"}', '2025-08-29 19:00:00');
INSERT INTO lab_tests (patient_id, doctor_id, appointment_id, test_name, test_category, ordered_date, status, results) VALUES (27, 6, 37, 'Bone Density', 'Pathology', '2025-08-29 19:00:00', 'Completed', 'Normal');
INSERT INTO invoices (patient_id, appointment_id, consultation_charges, lab_charges, medication_charges, total_amount, status, issue_date) VALUES (27, 37, 1000, 1374, 0, 2374, 'Paid', '2025-08-29');
INSERT INTO appointments (appointment_id, patient_id, doctor_id, department_id, appointment_date, patient_problem_text, predicted_specialty, predicted_severity, status) VALUES (38, 28, 12, 6, '2025-05-15 06:00:00', 'Patient complains of Rash', 'Dermatology', 'High', 'Completed');
INSERT INTO patient_doctor_mapping (patient_id, doctor_id, department_id, first_visit_date, is_primary_doctor) VALUES (28, 12, 6, '2025-05-15', TRUE) ON CONFLICT (patient_id, doctor_id) DO NOTHING;
INSERT INTO medical_records (patient_id, doctor_id, department_id, appointment_id, diagnosis, vital_signs, record_date) VALUES (28, 12, 6, 38, 'Acute Rash syndrome', '{"bp": "120/80", "temp": "98.6"}', '2025-05-15 06:00:00');
INSERT INTO invoices (patient_id, appointment_id, consultation_charges, lab_charges, medication_charges, total_amount, status, issue_date) VALUES (28, 38, 800, 0, 0, 800, 'Paid', '2025-05-15');
INSERT INTO appointments (appointment_id, patient_id, doctor_id, department_id, appointment_date, patient_problem_text, predicted_specialty, predicted_severity, status) VALUES (39, 29, 7, 4, '2025-05-29 10:00:00', 'Patient complains of Infection', 'Pediatrics', 'Low', 'Completed');
INSERT INTO patient_doctor_mapping (patient_id, doctor_id, department_id, first_visit_date, is_primary_doctor) VALUES (29, 7, 4, '2025-05-29', TRUE) ON CONFLICT (patient_id, doctor_id) DO NOTHING;
INSERT INTO medical_records (patient_id, doctor_id, department_id, appointment_id, diagnosis, vital_signs, record_date) VALUES (29, 7, 4, 39, 'Acute Infection syndrome', '{"bp": "120/80", "temp": "98.6"}', '2025-05-29 10:00:00');
INSERT INTO invoices (patient_id, appointment_id, consultation_charges, lab_charges, medication_charges, total_amount, status, issue_date) VALUES (29, 39, 1000, 0, 0, 1000, 'Paid', '2025-05-29');
INSERT INTO appointments (appointment_id, patient_id, doctor_id, department_id, appointment_date, patient_problem_text, predicted_specialty, predicted_severity, status) VALUES (40, 29, 19, 10, '2024-05-23 04:00:00', 'Patient complains of Viral fever', 'General Medicine', 'High', 'Completed');
INSERT INTO patient_doctor_mapping (patient_id, doctor_id, department_id, first_visit_date, is_primary_doctor) VALUES (29, 19, 10, '2024-05-23', TRUE) ON CONFLICT (patient_id, doctor_id) DO NOTHING;
INSERT INTO medical_records (patient_id, doctor_id, department_id, appointment_id, diagnosis, vital_signs, record_date) VALUES (29, 19, 10, 40, 'Acute Viral fever syndrome', '{"bp": "120/80", "temp": "98.6"}', '2024-05-23 04:00:00');
INSERT INTO lab_tests (patient_id, doctor_id, appointment_id, test_name, test_category, ordered_date, status, results) VALUES (29, 19, 40, 'Blood Sugar', 'Pathology', '2024-05-23 04:00:00', 'Completed', 'Normal');
INSERT INTO prescriptions (patient_id, doctor_id, appointment_id, medication_name, dosage, frequency, quantity) VALUES (29, 19, 40, 'Azithromycin', '500mg', '1-0-1', 10);
INSERT INTO invoices (patient_id, appointment_id, consultation_charges, lab_charges, medication_charges, total_amount, status, issue_date) VALUES (29, 40, 800, 952, 820, 2572, 'Paid', '2024-05-23');
INSERT INTO admissions (admission_id, patient_id, primary_doctor_id, room_id, department_id, admission_date, actual_discharge_date, admission_reason, admission_type, status) VALUES (10, 29, 19, 20, 10, '2024-05-23 04:00:00', '2024-05-27', 'Acute Viral fever syndrome', 'Emergency', 'Discharged');
INSERT INTO admission_doctor_care (admission_id, doctor_id, department_id, role_in_care) VALUES (10, 19, 10, 'Primary');
INSERT INTO invoices (patient_id, admission_id, room_charges, total_amount, status, issue_date) VALUES (29, 10, 5000, 10000, 'Pending', '2024-05-23');
INSERT INTO appointments (appointment_id, patient_id, doctor_id, department_id, appointment_date, patient_problem_text, predicted_specialty, predicted_severity, status) VALUES (41, 30, 15, 8, '2024-03-07 04:00:00', 'Patient complains of PCOS', 'Gynecology', 'Medium', 'Completed');
INSERT INTO patient_doctor_mapping (patient_id, doctor_id, department_id, first_visit_date, is_primary_doctor) VALUES (30, 15, 8, '2024-03-07', TRUE) ON CONFLICT (patient_id, doctor_id) DO NOTHING;
INSERT INTO medical_records (patient_id, doctor_id, department_id, appointment_id, diagnosis, vital_signs, record_date) VALUES (30, 15, 8, 41, 'Acute PCOS syndrome', '{"bp": "120/80", "temp": "98.6"}', '2024-03-07 04:00:00');
INSERT INTO prescriptions (patient_id, doctor_id, appointment_id, medication_name, dosage, frequency, quantity) VALUES (30, 15, 41, 'Metformin', '500mg', '1-0-1', 10);
INSERT INTO invoices (patient_id, appointment_id, consultation_charges, lab_charges, medication_charges, total_amount, status, issue_date) VALUES (30, 41, 1500, 0, 628, 2128, 'Paid', '2024-03-07');
INSERT INTO admissions (admission_id, patient_id, primary_doctor_id, room_id, department_id, admission_date, actual_discharge_date, admission_reason, admission_type, status) VALUES (11, 30, 15, 70, 8, '2024-03-07 04:00:00', '2024-03-13', 'Acute PCOS syndrome', 'Emergency', 'Discharged');
INSERT INTO admission_doctor_care (admission_id, doctor_id, department_id, role_in_care) VALUES (11, 15, 8, 'Primary');
INSERT INTO invoices (patient_id, admission_id, room_charges, total_amount, status, issue_date) VALUES (30, 11, 5000, 10000, 'Pending', '2024-03-07');
INSERT INTO appointments (appointment_id, patient_id, doctor_id, department_id, appointment_date, patient_problem_text, predicted_specialty, predicted_severity, status) VALUES (42, 31, 2, 1, '2024-01-14 23:00:00', 'Patient complains of Chest pain', 'Cardiology', 'Medium', 'Completed');
INSERT INTO patient_doctor_mapping (patient_id, doctor_id, department_id, first_visit_date, is_primary_doctor) VALUES (31, 2, 1, '2024-01-14', TRUE) ON CONFLICT (patient_id, doctor_id) DO NOTHING;
INSERT INTO medical_records (patient_id, doctor_id, department_id, appointment_id, diagnosis, vital_signs, record_date) VALUES (31, 2, 1, 42, 'Acute Chest pain syndrome', '{"bp": "120/80", "temp": "98.6"}', '2024-01-14 23:00:00');
INSERT INTO invoices (patient_id, appointment_id, consultation_charges, lab_charges, medication_charges, total_amount, status, issue_date) VALUES (31, 42, 800, 0, 0, 800, 'Paid', '2024-01-14');
UPDATE rooms SET status = 'Occupied', current_occupancy = 1 WHERE room_id = 57;
INSERT INTO admissions (admission_id, patient_id, primary_doctor_id, room_id, department_id, admission_date, actual_discharge_date, admission_reason, admission_type, status) VALUES (12, 31, 2, 57, 1, '2026-01-17 20:00:51.958825', NULL, 'Acute Chest pain syndrome', 'Emergency', 'Active');
INSERT INTO admission_doctor_care (admission_id, doctor_id, department_id, role_in_care) VALUES (12, 2, 1, 'Primary');
INSERT INTO invoices (patient_id, admission_id, room_charges, total_amount, status, issue_date) VALUES (31, 12, 5000, 10000, 'Pending', '2026-01-17');
INSERT INTO appointments (appointment_id, patient_id, doctor_id, department_id, appointment_date, patient_problem_text, predicted_specialty, predicted_severity, status) VALUES (43, 32, 10, 5, '2025-08-07 19:00:00', 'Patient complains of Tumor', 'Oncology', 'Medium', 'Completed');
INSERT INTO patient_doctor_mapping (patient_id, doctor_id, department_id, first_visit_date, is_primary_doctor) VALUES (32, 10, 5, '2025-08-07', TRUE) ON CONFLICT (patient_id, doctor_id) DO NOTHING;
INSERT INTO medical_records (patient_id, doctor_id, department_id, appointment_id, diagnosis, vital_signs, record_date) VALUES (32, 10, 5, 43, 'Acute Tumor syndrome', '{"bp": "120/80", "temp": "98.6"}', '2025-08-07 19:00:00');
INSERT INTO invoices (patient_id, appointment_id, consultation_charges, lab_charges, medication_charges, total_amount, status, issue_date) VALUES (32, 43, 1500, 0, 0, 1500, 'Paid', '2025-08-07');
INSERT INTO appointments (appointment_id, patient_id, doctor_id, department_id, appointment_date, patient_problem_text, predicted_specialty, predicted_severity, status) VALUES (44, 33, 15, 8, '2024-12-20 21:00:00', 'Patient complains of Pregnancy', 'Gynecology', 'Low', 'Completed');
INSERT INTO patient_doctor_mapping (patient_id, doctor_id, department_id, first_visit_date, is_primary_doctor) VALUES (33, 15, 8, '2024-12-20', TRUE) ON CONFLICT (patient_id, doctor_id) DO NOTHING;
INSERT INTO medical_records (patient_id, doctor_id, department_id, appointment_id, diagnosis, vital_signs, record_date) VALUES (33, 15, 8, 44, 'Acute Pregnancy syndrome', '{"bp": "120/80", "temp": "98.6"}', '2024-12-20 21:00:00');
INSERT INTO lab_tests (patient_id, doctor_id, appointment_id, test_name, test_category, ordered_date, status, results) VALUES (33, 15, 44, 'Hormone Panel', 'Pathology', '2024-12-20 21:00:00', 'Completed', 'Normal');
INSERT INTO invoices (patient_id, appointment_id, consultation_charges, lab_charges, medication_charges, total_amount, status, issue_date) VALUES (33, 44, 1500, 833, 0, 2333, 'Paid', '2024-12-20');
INSERT INTO appointments (appointment_id, patient_id, doctor_id, department_id, appointment_date, patient_problem_text, predicted_specialty, predicted_severity, status) VALUES (45, 34, 17, 9, '2024-04-26 14:00:00', 'Patient complains of Sinusitis', 'ENT', 'Medium', 'Completed');
INSERT INTO patient_doctor_mapping (patient_id, doctor_id, department_id, first_visit_date, is_primary_doctor) VALUES (34, 17, 9, '2024-04-26', TRUE) ON CONFLICT (patient_id, doctor_id) DO NOTHING;
INSERT INTO medical_records (patient_id, doctor_id, department_id, appointment_id, diagnosis, vital_signs, record_date) VALUES (34, 17, 9, 45, 'Acute Sinusitis syndrome', '{"bp": "120/80", "temp": "98.6"}', '2024-04-26 14:00:00');
INSERT INTO prescriptions (patient_id, doctor_id, appointment_id, medication_name, dosage, frequency, quantity) VALUES (34, 17, 45, 'Cetirizine', '500mg', '1-0-1', 10);
INSERT INTO invoices (patient_id, appointment_id, consultation_charges, lab_charges, medication_charges, total_amount, status, issue_date) VALUES (34, 45, 1000, 0, 607, 1607, 'Paid', '2024-04-26');
INSERT INTO appointments (appointment_id, patient_id, doctor_id, department_id, appointment_date, patient_problem_text, predicted_specialty, predicted_severity, status) VALUES (46, 34, 20, 10, '2024-02-28 11:00:00', 'Patient complains of Viral fever', 'General Medicine', 'High', 'Completed');
INSERT INTO patient_doctor_mapping (patient_id, doctor_id, department_id, first_visit_date, is_primary_doctor) VALUES (34, 20, 10, '2024-02-28', TRUE) ON CONFLICT (patient_id, doctor_id) DO NOTHING;
INSERT INTO medical_records (patient_id, doctor_id, department_id, appointment_id, diagnosis, vital_signs, record_date) VALUES (34, 20, 10, 46, 'Acute Viral fever syndrome', '{"bp": "120/80", "temp": "98.6"}', '2024-02-28 11:00:00');
INSERT INTO lab_tests (patient_id, doctor_id, appointment_id, test_name, test_category, ordered_date, status, results) VALUES (34, 20, 46, 'CBC', 'Pathology', '2024-02-28 11:00:00', 'Completed', 'Normal');
INSERT INTO invoices (patient_id, appointment_id, consultation_charges, lab_charges, medication_charges, total_amount, status, issue_date) VALUES (34, 46, 1500, 654, 0, 2154, 'Paid', '2024-02-28');
INSERT INTO appointments (appointment_id, patient_id, doctor_id, department_id, appointment_date, patient_problem_text, predicted_specialty, predicted_severity, status) VALUES (47, 35, 6, 3, '2025-08-08 09:00:00', 'Patient complains of Joint pain', 'Orthopedics', 'High', 'Completed');
INSERT INTO patient_doctor_mapping (patient_id, doctor_id, department_id, first_visit_date, is_primary_doctor) VALUES (35, 6, 3, '2025-08-08', TRUE) ON CONFLICT (patient_id, doctor_id) DO NOTHING;
INSERT INTO medical_records (patient_id, doctor_id, department_id, appointment_id, diagnosis, vital_signs, record_date) VALUES (35, 6, 3, 47, 'Acute Joint pain syndrome', '{"bp": "120/80", "temp": "98.6"}', '2025-08-08 09:00:00');
INSERT INTO prescriptions (patient_id, doctor_id, appointment_id, medication_name, dosage, frequency, quantity) VALUES (35, 6, 47, 'Calcium', '500mg', '1-0-1', 10);
INSERT INTO invoices (patient_id, appointment_id, consultation_charges, lab_charges, medication_charges, total_amount, status, issue_date) VALUES (35, 47, 1000, 0, 210, 1210, 'Paid', '2025-08-08');
INSERT INTO appointments (appointment_id, patient_id, doctor_id, department_id, appointment_date, patient_problem_text, predicted_specialty, predicted_severity, status) VALUES (48, 36, 19, 10, '2024-03-24 17:00:00', 'Patient complains of Weakness', 'General Medicine', 'Medium', 'Completed');
INSERT INTO patient_doctor_mapping (patient_id, doctor_id, department_id, first_visit_date, is_primary_doctor) VALUES (36, 19, 10, '2024-03-24', TRUE) ON CONFLICT (patient_id, doctor_id) DO NOTHING;
INSERT INTO medical_records (patient_id, doctor_id, department_id, appointment_id, diagnosis, vital_signs, record_date) VALUES (36, 19, 10, 48, 'Acute Weakness syndrome', '{"bp": "120/80", "temp": "98.6"}', '2024-03-24 17:00:00');
INSERT INTO invoices (patient_id, appointment_id, consultation_charges, lab_charges, medication_charges, total_amount, status, issue_date) VALUES (36, 48, 800, 0, 0, 800, 'Paid', '2024-03-24');
INSERT INTO appointments (appointment_id, patient_id, doctor_id, department_id, appointment_date, patient_problem_text, predicted_specialty, predicted_severity, status) VALUES (49, 37, 9, 5, '2025-09-18 18:00:00', 'Patient complains of Tumor', 'Oncology', 'Medium', 'Completed');
INSERT INTO patient_doctor_mapping (patient_id, doctor_id, department_id, first_visit_date, is_primary_doctor) VALUES (37, 9, 5, '2025-09-18', TRUE) ON CONFLICT (patient_id, doctor_id) DO NOTHING;
INSERT INTO medical_records (patient_id, doctor_id, department_id, appointment_id, diagnosis, vital_signs, record_date) VALUES (37, 9, 5, 49, 'Acute Tumor syndrome', '{"bp": "120/80", "temp": "98.6"}', '2025-09-18 18:00:00');
INSERT INTO prescriptions (patient_id, doctor_id, appointment_id, medication_name, dosage, frequency, quantity) VALUES (37, 9, 49, 'Cisplatin', '500mg', '1-0-1', 10);
INSERT INTO invoices (patient_id, appointment_id, consultation_charges, lab_charges, medication_charges, total_amount, status, issue_date) VALUES (37, 49, 500, 0, 957, 1457, 'Paid', '2025-09-18');
INSERT INTO admissions (admission_id, patient_id, primary_doctor_id, room_id, department_id, admission_date, actual_discharge_date, admission_reason, admission_type, status) VALUES (13, 37, 9, 68, 5, '2025-09-18 18:00:00', '2025-09-24', 'Acute Tumor syndrome', 'Emergency', 'Discharged');
INSERT INTO admission_doctor_care (admission_id, doctor_id, department_id, role_in_care) VALUES (13, 9, 5, 'Primary');
INSERT INTO invoices (patient_id, admission_id, room_charges, total_amount, status, issue_date) VALUES (37, 13, 5000, 10000, 'Pending', '2025-09-18');
INSERT INTO appointments (appointment_id, patient_id, doctor_id, department_id, appointment_date, patient_problem_text, predicted_specialty, predicted_severity, status) VALUES (50, 37, 8, 4, '2024-08-03 11:00:00', 'Patient complains of Infection', 'Pediatrics', 'Medium', 'Completed');
INSERT INTO patient_doctor_mapping (patient_id, doctor_id, department_id, first_visit_date, is_primary_doctor) VALUES (37, 8, 4, '2024-08-03', TRUE) ON CONFLICT (patient_id, doctor_id) DO NOTHING;
INSERT INTO medical_records (patient_id, doctor_id, department_id, appointment_id, diagnosis, vital_signs, record_date) VALUES (37, 8, 4, 50, 'Acute Infection syndrome', '{"bp": "120/80", "temp": "98.6"}', '2024-08-03 11:00:00');
INSERT INTO prescriptions (patient_id, doctor_id, appointment_id, medication_name, dosage, frequency, quantity) VALUES (37, 8, 50, 'Amoxicillin', '500mg', '1-0-1', 10);
INSERT INTO invoices (patient_id, appointment_id, consultation_charges, lab_charges, medication_charges, total_amount, status, issue_date) VALUES (37, 50, 1000, 0, 470, 1470, 'Paid', '2024-08-03');
INSERT INTO appointments (appointment_id, patient_id, doctor_id, department_id, appointment_date, patient_problem_text, predicted_specialty, predicted_severity, status) VALUES (51, 38, 20, 10, '2025-06-24 16:00:00', 'Patient complains of Viral fever', 'General Medicine', 'High', 'Completed');
INSERT INTO patient_doctor_mapping (patient_id, doctor_id, department_id, first_visit_date, is_primary_doctor) VALUES (38, 20, 10, '2025-06-24', TRUE) ON CONFLICT (patient_id, doctor_id) DO NOTHING;
INSERT INTO medical_records (patient_id, doctor_id, department_id, appointment_id, diagnosis, vital_signs, record_date) VALUES (38, 20, 10, 51, 'Acute Viral fever syndrome', '{"bp": "120/80", "temp": "98.6"}', '2025-06-24 16:00:00');
INSERT INTO prescriptions (patient_id, doctor_id, appointment_id, medication_name, dosage, frequency, quantity) VALUES (38, 20, 51, 'Azithromycin', '500mg', '1-0-1', 10);
INSERT INTO invoices (patient_id, appointment_id, consultation_charges, lab_charges, medication_charges, total_amount, status, issue_date) VALUES (38, 51, 1500, 0, 739, 2239, 'Paid', '2025-06-24');
INSERT INTO appointments (appointment_id, patient_id, doctor_id, department_id, appointment_date, patient_problem_text, predicted_specialty, predicted_severity, status) VALUES (52, 38, 6, 3, '2024-02-16 01:00:00', 'Patient complains of Joint pain', 'Orthopedics', 'Medium', 'Completed');
INSERT INTO patient_doctor_mapping (patient_id, doctor_id, department_id, first_visit_date, is_primary_doctor) VALUES (38, 6, 3, '2024-02-16', TRUE) ON CONFLICT (patient_id, doctor_id) DO NOTHING;
INSERT INTO medical_records (patient_id, doctor_id, department_id, appointment_id, diagnosis, vital_signs, record_date) VALUES (38, 6, 3, 52, 'Acute Joint pain syndrome', '{"bp": "120/80", "temp": "98.6"}', '2024-02-16 01:00:00');
INSERT INTO prescriptions (patient_id, doctor_id, appointment_id, medication_name, dosage, frequency, quantity) VALUES (38, 6, 52, 'Ibuprofen', '500mg', '1-0-1', 10);
INSERT INTO invoices (patient_id, appointment_id, consultation_charges, lab_charges, medication_charges, total_amount, status, issue_date) VALUES (38, 52, 1000, 0, 351, 1351, 'Paid', '2024-02-16');
INSERT INTO admissions (admission_id, patient_id, primary_doctor_id, room_id, department_id, admission_date, actual_discharge_date, admission_reason, admission_type, status) VALUES (14, 38, 6, 44, 3, '2024-02-16 01:00:00', '2024-02-21', 'Acute Joint pain syndrome', 'Emergency', 'Discharged');
INSERT INTO admission_doctor_care (admission_id, doctor_id, department_id, role_in_care) VALUES (14, 6, 3, 'Primary');
INSERT INTO invoices (patient_id, admission_id, room_charges, total_amount, status, issue_date) VALUES (38, 14, 5000, 10000, 'Pending', '2024-02-16');
INSERT INTO appointments (appointment_id, patient_id, doctor_id, department_id, appointment_date, patient_problem_text, predicted_specialty, predicted_severity, status) VALUES (53, 39, 11, 6, '2025-04-13 20:00:00', 'Patient complains of Rash', 'Dermatology', 'Low', 'Completed');
INSERT INTO patient_doctor_mapping (patient_id, doctor_id, department_id, first_visit_date, is_primary_doctor) VALUES (39, 11, 6, '2025-04-13', TRUE) ON CONFLICT (patient_id, doctor_id) DO NOTHING;
INSERT INTO medical_records (patient_id, doctor_id, department_id, appointment_id, diagnosis, vital_signs, record_date) VALUES (39, 11, 6, 53, 'Acute Rash syndrome', '{"bp": "120/80", "temp": "98.6"}', '2025-04-13 20:00:00');
INSERT INTO prescriptions (patient_id, doctor_id, appointment_id, medication_name, dosage, frequency, quantity) VALUES (39, 11, 53, 'Clindamycin', '500mg', '1-0-1', 10);
INSERT INTO invoices (patient_id, appointment_id, consultation_charges, lab_charges, medication_charges, total_amount, status, issue_date) VALUES (39, 53, 800, 0, 279, 1079, 'Paid', '2025-04-13');
INSERT INTO appointments (appointment_id, patient_id, doctor_id, department_id, appointment_date, patient_problem_text, predicted_specialty, predicted_severity, status) VALUES (54, 40, 16, 8, '2024-08-31 02:00:00', 'Patient complains of Pregnancy', 'Gynecology', 'High', 'Completed');
INSERT INTO patient_doctor_mapping (patient_id, doctor_id, department_id, first_visit_date, is_primary_doctor) VALUES (40, 16, 8, '2024-08-31', TRUE) ON CONFLICT (patient_id, doctor_id) DO NOTHING;
INSERT INTO medical_records (patient_id, doctor_id, department_id, appointment_id, diagnosis, vital_signs, record_date) VALUES (40, 16, 8, 54, 'Acute Pregnancy syndrome', '{"bp": "120/80", "temp": "98.6"}', '2024-08-31 02:00:00');
INSERT INTO lab_tests (patient_id, doctor_id, appointment_id, test_name, test_category, ordered_date, status, results) VALUES (40, 16, 54, 'Pap Smear', 'Pathology', '2024-08-31 02:00:00', 'Completed', 'Normal');
INSERT INTO invoices (patient_id, appointment_id, consultation_charges, lab_charges, medication_charges, total_amount, status, issue_date) VALUES (40, 54, 1000, 1266, 0, 2266, 'Paid', '2024-08-31');
INSERT INTO appointments (appointment_id, patient_id, doctor_id, department_id, appointment_date, patient_problem_text, predicted_specialty, predicted_severity, status) VALUES (55, 41, 6, 3, '2024-01-09 01:00:00', 'Patient complains of Joint pain', 'Orthopedics', 'Medium', 'Completed');
INSERT INTO patient_doctor_mapping (patient_id, doctor_id, department_id, first_visit_date, is_primary_doctor) VALUES (41, 6, 3, '2024-01-09', TRUE) ON CONFLICT (patient_id, doctor_id) DO NOTHING;
INSERT INTO medical_records (patient_id, doctor_id, department_id, appointment_id, diagnosis, vital_signs, record_date) VALUES (41, 6, 3, 55, 'Acute Joint pain syndrome', '{"bp": "120/80", "temp": "98.6"}', '2024-01-09 01:00:00');
INSERT INTO invoices (patient_id, appointment_id, consultation_charges, lab_charges, medication_charges, total_amount, status, issue_date) VALUES (41, 55, 1000, 0, 0, 1000, 'Paid', '2024-01-09');
INSERT INTO appointments (appointment_id, patient_id, doctor_id, department_id, appointment_date, patient_problem_text, predicted_specialty, predicted_severity, status) VALUES (56, 42, 16, 8, '2025-12-21 14:00:00', 'Patient complains of Pregnancy', 'Gynecology', 'Low', 'Completed');
INSERT INTO patient_doctor_mapping (patient_id, doctor_id, department_id, first_visit_date, is_primary_doctor) VALUES (42, 16, 8, '2025-12-21', TRUE) ON CONFLICT (patient_id, doctor_id) DO NOTHING;
INSERT INTO medical_records (patient_id, doctor_id, department_id, appointment_id, diagnosis, vital_signs, record_date) VALUES (42, 16, 8, 56, 'Acute Pregnancy syndrome', '{"bp": "120/80", "temp": "98.6"}', '2025-12-21 14:00:00');
INSERT INTO invoices (patient_id, appointment_id, consultation_charges, lab_charges, medication_charges, total_amount, status, issue_date) VALUES (42, 56, 1000, 0, 0, 1000, 'Paid', '2025-12-21');
INSERT INTO appointments (appointment_id, patient_id, doctor_id, department_id, appointment_date, patient_problem_text, predicted_specialty, predicted_severity, status) VALUES (57, 43, 20, 10, '2025-10-21 15:00:00', 'Patient complains of Weakness', 'General Medicine', 'Medium', 'Completed');
INSERT INTO patient_doctor_mapping (patient_id, doctor_id, department_id, first_visit_date, is_primary_doctor) VALUES (43, 20, 10, '2025-10-21', TRUE) ON CONFLICT (patient_id, doctor_id) DO NOTHING;
INSERT INTO medical_records (patient_id, doctor_id, department_id, appointment_id, diagnosis, vital_signs, record_date) VALUES (43, 20, 10, 57, 'Acute Weakness syndrome', '{"bp": "120/80", "temp": "98.6"}', '2025-10-21 15:00:00');
INSERT INTO invoices (patient_id, appointment_id, consultation_charges, lab_charges, medication_charges, total_amount, status, issue_date) VALUES (43, 57, 1500, 0, 0, 1500, 'Paid', '2025-10-21');
INSERT INTO appointments (appointment_id, patient_id, doctor_id, department_id, appointment_date, patient_problem_text, predicted_specialty, predicted_severity, status) VALUES (58, 44, 16, 8, '2025-06-13 12:00:00', 'Patient complains of Pregnancy', 'Gynecology', 'High', 'Completed');
INSERT INTO patient_doctor_mapping (patient_id, doctor_id, department_id, first_visit_date, is_primary_doctor) VALUES (44, 16, 8, '2025-06-13', TRUE) ON CONFLICT (patient_id, doctor_id) DO NOTHING;
INSERT INTO medical_records (patient_id, doctor_id, department_id, appointment_id, diagnosis, vital_signs, record_date) VALUES (44, 16, 8, 58, 'Acute Pregnancy syndrome', '{"bp": "120/80", "temp": "98.6"}', '2025-06-13 12:00:00');
INSERT INTO lab_tests (patient_id, doctor_id, appointment_id, test_name, test_category, ordered_date, status, results) VALUES (44, 16, 58, 'Ultrasound', 'Pathology', '2025-06-13 12:00:00', 'Completed', 'Normal');
INSERT INTO prescriptions (patient_id, doctor_id, appointment_id, medication_name, dosage, frequency, quantity) VALUES (44, 16, 58, 'Iron', '500mg', '1-0-1', 10);
INSERT INTO invoices (patient_id, appointment_id, consultation_charges, lab_charges, medication_charges, total_amount, status, issue_date) VALUES (44, 58, 1000, 1811, 305, 3116, 'Paid', '2025-06-13');
INSERT INTO appointments (appointment_id, patient_id, doctor_id, department_id, appointment_date, patient_problem_text, predicted_specialty, predicted_severity, status) VALUES (59, 45, 20, 10, '2024-06-16 21:00:00', 'Patient complains of Weakness', 'General Medicine', 'High', 'Completed');
INSERT INTO patient_doctor_mapping (patient_id, doctor_id, department_id, first_visit_date, is_primary_doctor) VALUES (45, 20, 10, '2024-06-16', TRUE) ON CONFLICT (patient_id, doctor_id) DO NOTHING;
INSERT INTO medical_records (patient_id, doctor_id, department_id, appointment_id, diagnosis, vital_signs, record_date) VALUES (45, 20, 10, 59, 'Acute Weakness syndrome', '{"bp": "120/80", "temp": "98.6"}', '2024-06-16 21:00:00');
INSERT INTO lab_tests (patient_id, doctor_id, appointment_id, test_name, test_category, ordered_date, status, results) VALUES (45, 20, 59, 'Typhoid Test', 'Pathology', '2024-06-16 21:00:00', 'Completed', 'Normal');
INSERT INTO invoices (patient_id, appointment_id, consultation_charges, lab_charges, medication_charges, total_amount, status, issue_date) VALUES (45, 59, 1500, 1814, 0, 3314, 'Paid', '2024-06-16');
INSERT INTO appointments (appointment_id, patient_id, doctor_id, department_id, appointment_date, patient_problem_text, predicted_specialty, predicted_severity, status) VALUES (60, 46, 11, 6, '2025-01-19 20:00:00', 'Patient complains of Rash', 'Dermatology', 'High', 'Completed');
INSERT INTO patient_doctor_mapping (patient_id, doctor_id, department_id, first_visit_date, is_primary_doctor) VALUES (46, 11, 6, '2025-01-19', TRUE) ON CONFLICT (patient_id, doctor_id) DO NOTHING;
INSERT INTO medical_records (patient_id, doctor_id, department_id, appointment_id, diagnosis, vital_signs, record_date) VALUES (46, 11, 6, 60, 'Acute Rash syndrome', '{"bp": "120/80", "temp": "98.6"}', '2025-01-19 20:00:00');
INSERT INTO lab_tests (patient_id, doctor_id, appointment_id, test_name, test_category, ordered_date, status, results) VALUES (46, 11, 60, 'Skin Biopsy', 'Pathology', '2025-01-19 20:00:00', 'Completed', 'Normal');
INSERT INTO prescriptions (patient_id, doctor_id, appointment_id, medication_name, dosage, frequency, quantity) VALUES (46, 11, 60, 'Clindamycin', '500mg', '1-0-1', 10);
INSERT INTO invoices (patient_id, appointment_id, consultation_charges, lab_charges, medication_charges, total_amount, status, issue_date) VALUES (46, 60, 800, 1999, 1000, 3799, 'Paid', '2025-01-19');
INSERT INTO appointments (appointment_id, patient_id, doctor_id, department_id, appointment_date, patient_problem_text, predicted_specialty, predicted_severity, status) VALUES (61, 47, 18, 9, '2024-04-16 00:00:00', 'Patient complains of Ear pain', 'ENT', 'Medium', 'Completed');
INSERT INTO patient_doctor_mapping (patient_id, doctor_id, department_id, first_visit_date, is_primary_doctor) VALUES (47, 18, 9, '2024-04-16', TRUE) ON CONFLICT (patient_id, doctor_id) DO NOTHING;
INSERT INTO medical_records (patient_id, doctor_id, department_id, appointment_id, diagnosis, vital_signs, record_date) VALUES (47, 18, 9, 61, 'Acute Ear pain syndrome', '{"bp": "120/80", "temp": "98.6"}', '2024-04-16 00:00:00');
INSERT INTO prescriptions (patient_id, doctor_id, appointment_id, medication_name, dosage, frequency, quantity) VALUES (47, 18, 61, 'Augmentin', '500mg', '1-0-1', 10);
INSERT INTO invoices (patient_id, appointment_id, consultation_charges, lab_charges, medication_charges, total_amount, status, issue_date) VALUES (47, 61, 800, 0, 836, 1636, 'Paid', '2024-04-16');
INSERT INTO appointments (appointment_id, patient_id, doctor_id, department_id, appointment_date, patient_problem_text, predicted_specialty, predicted_severity, status) VALUES (62, 48, 4, 2, '2024-02-26 07:00:00', 'Patient complains of Migraine', 'Neurology', 'Medium', 'Completed');
INSERT INTO patient_doctor_mapping (patient_id, doctor_id, department_id, first_visit_date, is_primary_doctor) VALUES (48, 4, 2, '2024-02-26', TRUE) ON CONFLICT (patient_id, doctor_id) DO NOTHING;
INSERT INTO medical_records (patient_id, doctor_id, department_id, appointment_id, diagnosis, vital_signs, record_date) VALUES (48, 4, 2, 62, 'Acute Migraine syndrome', '{"bp": "120/80", "temp": "98.6"}', '2024-02-26 07:00:00');
INSERT INTO prescriptions (patient_id, doctor_id, appointment_id, medication_name, dosage, frequency, quantity) VALUES (48, 4, 62, 'Paracetamol', '500mg', '1-0-1', 10);
INSERT INTO invoices (patient_id, appointment_id, consultation_charges, lab_charges, medication_charges, total_amount, status, issue_date) VALUES (48, 62, 1000, 0, 375, 1375, 'Paid', '2024-02-26');
UPDATE rooms SET status = 'Occupied', current_occupancy = 1 WHERE room_id = 61;
INSERT INTO admissions (admission_id, patient_id, primary_doctor_id, room_id, department_id, admission_date, actual_discharge_date, admission_reason, admission_type, status) VALUES (15, 48, 4, 61, 2, '2026-01-17 20:00:51.958825', NULL, 'Acute Migraine syndrome', 'Emergency', 'Active');
INSERT INTO admission_doctor_care (admission_id, doctor_id, department_id, role_in_care) VALUES (15, 4, 2, 'Primary');
INSERT INTO invoices (patient_id, admission_id, room_charges, total_amount, status, issue_date) VALUES (48, 15, 5000, 10000, 'Pending', '2026-01-17');
INSERT INTO appointments (appointment_id, patient_id, doctor_id, department_id, appointment_date, patient_problem_text, predicted_specialty, predicted_severity, status) VALUES (63, 48, 6, 3, '2024-01-14 13:00:00', 'Patient complains of Fracture', 'Orthopedics', 'Low', 'Completed');
INSERT INTO patient_doctor_mapping (patient_id, doctor_id, department_id, first_visit_date, is_primary_doctor) VALUES (48, 6, 3, '2024-01-14', TRUE) ON CONFLICT (patient_id, doctor_id) DO NOTHING;
INSERT INTO medical_records (patient_id, doctor_id, department_id, appointment_id, diagnosis, vital_signs, record_date) VALUES (48, 6, 3, 63, 'Acute Fracture syndrome', '{"bp": "120/80", "temp": "98.6"}', '2024-01-14 13:00:00');
INSERT INTO prescriptions (patient_id, doctor_id, appointment_id, medication_name, dosage, frequency, quantity) VALUES (48, 6, 63, 'Calcium', '500mg', '1-0-1', 10);
INSERT INTO invoices (patient_id, appointment_id, consultation_charges, lab_charges, medication_charges, total_amount, status, issue_date) VALUES (48, 63, 1000, 0, 536, 1536, 'Paid', '2024-01-14');
INSERT INTO appointments (appointment_id, patient_id, doctor_id, department_id, appointment_date, patient_problem_text, predicted_specialty, predicted_severity, status) VALUES (64, 49, 18, 9, '2024-05-24 01:00:00', 'Patient complains of Sinusitis', 'ENT', 'Low', 'Completed');
INSERT INTO patient_doctor_mapping (patient_id, doctor_id, department_id, first_visit_date, is_primary_doctor) VALUES (49, 18, 9, '2024-05-24', TRUE) ON CONFLICT (patient_id, doctor_id) DO NOTHING;
INSERT INTO medical_records (patient_id, doctor_id, department_id, appointment_id, diagnosis, vital_signs, record_date) VALUES (49, 18, 9, 64, 'Acute Sinusitis syndrome', '{"bp": "120/80", "temp": "98.6"}', '2024-05-24 01:00:00');
INSERT INTO lab_tests (patient_id, doctor_id, appointment_id, test_name, test_category, ordered_date, status, results) VALUES (49, 18, 64, 'Audiometry', 'Pathology', '2024-05-24 01:00:00', 'Completed', 'Normal');
INSERT INTO prescriptions (patient_id, doctor_id, appointment_id, medication_name, dosage, frequency, quantity) VALUES (49, 18, 64, 'Cetirizine', '500mg', '1-0-1', 10);
INSERT INTO invoices (patient_id, appointment_id, consultation_charges, lab_charges, medication_charges, total_amount, status, issue_date) VALUES (49, 64, 800, 1821, 628, 3249, 'Paid', '2024-05-24');
INSERT INTO appointments (appointment_id, patient_id, doctor_id, department_id, appointment_date, patient_problem_text, predicted_specialty, predicted_severity, status) VALUES (65, 49, 20, 10, '2024-12-20 16:00:00', 'Patient complains of Weakness', 'General Medicine', 'Low', 'Completed');
INSERT INTO patient_doctor_mapping (patient_id, doctor_id, department_id, first_visit_date, is_primary_doctor) VALUES (49, 20, 10, '2024-12-20', TRUE) ON CONFLICT (patient_id, doctor_id) DO NOTHING;
INSERT INTO medical_records (patient_id, doctor_id, department_id, appointment_id, diagnosis, vital_signs, record_date) VALUES (49, 20, 10, 65, 'Acute Weakness syndrome', '{"bp": "120/80", "temp": "98.6"}', '2024-12-20 16:00:00');
INSERT INTO lab_tests (patient_id, doctor_id, appointment_id, test_name, test_category, ordered_date, status, results) VALUES (49, 20, 65, 'Typhoid Test', 'Pathology', '2024-12-20 16:00:00', 'Completed', 'Normal');
INSERT INTO prescriptions (patient_id, doctor_id, appointment_id, medication_name, dosage, frequency, quantity) VALUES (49, 20, 65, 'Paracetamol', '500mg', '1-0-1', 10);
INSERT INTO invoices (patient_id, appointment_id, consultation_charges, lab_charges, medication_charges, total_amount, status, issue_date) VALUES (49, 65, 1500, 654, 643, 2797, 'Paid', '2024-12-20');
INSERT INTO appointments (appointment_id, patient_id, doctor_id, department_id, appointment_date, patient_problem_text, predicted_specialty, predicted_severity, status) VALUES (66, 50, 20, 10, '2024-09-17 12:00:00', 'Patient complains of Viral fever', 'General Medicine', 'High', 'Completed');
INSERT INTO patient_doctor_mapping (patient_id, doctor_id, department_id, first_visit_date, is_primary_doctor) VALUES (50, 20, 10, '2024-09-17', TRUE) ON CONFLICT (patient_id, doctor_id) DO NOTHING;
INSERT INTO medical_records (patient_id, doctor_id, department_id, appointment_id, diagnosis, vital_signs, record_date) VALUES (50, 20, 10, 66, 'Acute Viral fever syndrome', '{"bp": "120/80", "temp": "98.6"}', '2024-09-17 12:00:00');
INSERT INTO prescriptions (patient_id, doctor_id, appointment_id, medication_name, dosage, frequency, quantity) VALUES (50, 20, 66, 'Multivitamins', '500mg', '1-0-1', 10);
INSERT INTO invoices (patient_id, appointment_id, consultation_charges, lab_charges, medication_charges, total_amount, status, issue_date) VALUES (50, 66, 1500, 0, 643, 2143, 'Paid', '2024-09-17');
INSERT INTO appointments (appointment_id, patient_id, doctor_id, department_id, appointment_date, patient_problem_text, predicted_specialty, predicted_severity, status) VALUES (67, 51, 16, 8, '2026-01-07 16:00:00', 'Patient complains of Pregnancy', 'Gynecology', 'High', 'Completed');
INSERT INTO patient_doctor_mapping (patient_id, doctor_id, department_id, first_visit_date, is_primary_doctor) VALUES (51, 16, 8, '2026-01-07', TRUE) ON CONFLICT (patient_id, doctor_id) DO NOTHING;
INSERT INTO medical_records (patient_id, doctor_id, department_id, appointment_id, diagnosis, vital_signs, record_date) VALUES (51, 16, 8, 67, 'Acute Pregnancy syndrome', '{"bp": "120/80", "temp": "98.6"}', '2026-01-07 16:00:00');
INSERT INTO prescriptions (patient_id, doctor_id, appointment_id, medication_name, dosage, frequency, quantity) VALUES (51, 16, 67, 'Metformin', '500mg', '1-0-1', 10);
INSERT INTO invoices (patient_id, appointment_id, consultation_charges, lab_charges, medication_charges, total_amount, status, issue_date) VALUES (51, 67, 1000, 0, 643, 1643, 'Paid', '2026-01-07');
INSERT INTO appointments (appointment_id, patient_id, doctor_id, department_id, appointment_date, patient_problem_text, predicted_specialty, predicted_severity, status) VALUES (68, 51, 18, 9, '2024-02-04 20:00:00', 'Patient complains of Ear pain', 'ENT', 'Medium', 'Completed');
INSERT INTO patient_doctor_mapping (patient_id, doctor_id, department_id, first_visit_date, is_primary_doctor) VALUES (51, 18, 9, '2024-02-04', TRUE) ON CONFLICT (patient_id, doctor_id) DO NOTHING;
INSERT INTO medical_records (patient_id, doctor_id, department_id, appointment_id, diagnosis, vital_signs, record_date) VALUES (51, 18, 9, 68, 'Acute Ear pain syndrome', '{"bp": "120/80", "temp": "98.6"}', '2024-02-04 20:00:00');
INSERT INTO lab_tests (patient_id, doctor_id, appointment_id, test_name, test_category, ordered_date, status, results) VALUES (51, 18, 68, 'Audiometry', 'Pathology', '2024-02-04 20:00:00', 'Completed', 'Normal');
INSERT INTO prescriptions (patient_id, doctor_id, appointment_id, medication_name, dosage, frequency, quantity) VALUES (51, 18, 68, 'Augmentin', '500mg', '1-0-1', 10);
INSERT INTO invoices (patient_id, appointment_id, consultation_charges, lab_charges, medication_charges, total_amount, status, issue_date) VALUES (51, 68, 800, 631, 662, 2093, 'Paid', '2024-02-04');
INSERT INTO admissions (admission_id, patient_id, primary_doctor_id, room_id, department_id, admission_date, actual_discharge_date, admission_reason, admission_type, status) VALUES (16, 51, 18, 87, 9, '2024-02-04 20:00:00', '2024-02-11', 'Acute Ear pain syndrome', 'Emergency', 'Discharged');
INSERT INTO admission_doctor_care (admission_id, doctor_id, department_id, role_in_care) VALUES (16, 18, 9, 'Primary');
INSERT INTO invoices (patient_id, admission_id, room_charges, total_amount, status, issue_date) VALUES (51, 16, 5000, 10000, 'Pending', '2024-02-04');
INSERT INTO appointments (appointment_id, patient_id, doctor_id, department_id, appointment_date, patient_problem_text, predicted_specialty, predicted_severity, status) VALUES (69, 52, 3, 2, '2025-10-19 17:00:00', 'Patient complains of Seizures', 'Neurology', 'Medium', 'Completed');
INSERT INTO patient_doctor_mapping (patient_id, doctor_id, department_id, first_visit_date, is_primary_doctor) VALUES (52, 3, 2, '2025-10-19', TRUE) ON CONFLICT (patient_id, doctor_id) DO NOTHING;
INSERT INTO medical_records (patient_id, doctor_id, department_id, appointment_id, diagnosis, vital_signs, record_date) VALUES (52, 3, 2, 69, 'Acute Seizures syndrome', '{"bp": "120/80", "temp": "98.6"}', '2025-10-19 17:00:00');
INSERT INTO lab_tests (patient_id, doctor_id, appointment_id, test_name, test_category, ordered_date, status, results) VALUES (52, 3, 69, 'CT Scan', 'Pathology', '2025-10-19 17:00:00', 'Completed', 'Normal');
INSERT INTO prescriptions (patient_id, doctor_id, appointment_id, medication_name, dosage, frequency, quantity) VALUES (52, 3, 69, 'Topiramate', '500mg', '1-0-1', 10);
INSERT INTO invoices (patient_id, appointment_id, consultation_charges, lab_charges, medication_charges, total_amount, status, issue_date) VALUES (52, 69, 800, 1954, 345, 3099, 'Paid', '2025-10-19');
INSERT INTO admissions (admission_id, patient_id, primary_doctor_id, room_id, department_id, admission_date, actual_discharge_date, admission_reason, admission_type, status) VALUES (17, 52, 3, 114, 2, '2025-10-19 17:00:00', '2025-10-23', 'Acute Seizures syndrome', 'Emergency', 'Discharged');
INSERT INTO admission_doctor_care (admission_id, doctor_id, department_id, role_in_care) VALUES (17, 3, 2, 'Primary');
INSERT INTO invoices (patient_id, admission_id, room_charges, total_amount, status, issue_date) VALUES (52, 17, 5000, 10000, 'Pending', '2025-10-19');
INSERT INTO appointments (appointment_id, patient_id, doctor_id, department_id, appointment_date, patient_problem_text, predicted_specialty, predicted_severity, status) VALUES (70, 53, 9, 5, '2025-07-04 08:00:00', 'Patient complains of Weight loss', 'Oncology', 'Low', 'Completed');
INSERT INTO patient_doctor_mapping (patient_id, doctor_id, department_id, first_visit_date, is_primary_doctor) VALUES (53, 9, 5, '2025-07-04', TRUE) ON CONFLICT (patient_id, doctor_id) DO NOTHING;
INSERT INTO medical_records (patient_id, doctor_id, department_id, appointment_id, diagnosis, vital_signs, record_date) VALUES (53, 9, 5, 70, 'Acute Weight loss syndrome', '{"bp": "120/80", "temp": "98.6"}', '2025-07-04 08:00:00');
INSERT INTO lab_tests (patient_id, doctor_id, appointment_id, test_name, test_category, ordered_date, status, results) VALUES (53, 9, 70, 'PET Scan', 'Pathology', '2025-07-04 08:00:00', 'Completed', 'Normal');
INSERT INTO prescriptions (patient_id, doctor_id, appointment_id, medication_name, dosage, frequency, quantity) VALUES (53, 9, 70, 'Methotrexate', '500mg', '1-0-1', 10);
INSERT INTO invoices (patient_id, appointment_id, consultation_charges, lab_charges, medication_charges, total_amount, status, issue_date) VALUES (53, 70, 500, 817, 787, 2104, 'Paid', '2025-07-04');
INSERT INTO appointments (appointment_id, patient_id, doctor_id, department_id, appointment_date, patient_problem_text, predicted_specialty, predicted_severity, status) VALUES (71, 53, 13, 7, '2025-10-26 17:00:00', 'Patient complains of Ulcers', 'Gastroenterology', 'Medium', 'Completed');
INSERT INTO patient_doctor_mapping (patient_id, doctor_id, department_id, first_visit_date, is_primary_doctor) VALUES (53, 13, 7, '2025-10-26', TRUE) ON CONFLICT (patient_id, doctor_id) DO NOTHING;
INSERT INTO medical_records (patient_id, doctor_id, department_id, appointment_id, diagnosis, vital_signs, record_date) VALUES (53, 13, 7, 71, 'Acute Ulcers syndrome', '{"bp": "120/80", "temp": "98.6"}', '2025-10-26 17:00:00');
INSERT INTO lab_tests (patient_id, doctor_id, appointment_id, test_name, test_category, ordered_date, status, results) VALUES (53, 13, 71, 'Colonoscopy', 'Pathology', '2025-10-26 17:00:00', 'Completed', 'Normal');
INSERT INTO invoices (patient_id, appointment_id, consultation_charges, lab_charges, medication_charges, total_amount, status, issue_date) VALUES (53, 71, 1500, 1926, 0, 3426, 'Paid', '2025-10-26');
INSERT INTO appointments (appointment_id, patient_id, doctor_id, department_id, appointment_date, patient_problem_text, predicted_specialty, predicted_severity, status) VALUES (72, 54, 16, 8, '2025-11-27 17:00:00', 'Patient complains of PCOS', 'Gynecology', 'Medium', 'Completed');
INSERT INTO patient_doctor_mapping (patient_id, doctor_id, department_id, first_visit_date, is_primary_doctor) VALUES (54, 16, 8, '2025-11-27', TRUE) ON CONFLICT (patient_id, doctor_id) DO NOTHING;
INSERT INTO medical_records (patient_id, doctor_id, department_id, appointment_id, diagnosis, vital_signs, record_date) VALUES (54, 16, 8, 72, 'Acute PCOS syndrome', '{"bp": "120/80", "temp": "98.6"}', '2025-11-27 17:00:00');
INSERT INTO prescriptions (patient_id, doctor_id, appointment_id, medication_name, dosage, frequency, quantity) VALUES (54, 16, 72, 'Folic Acid', '500mg', '1-0-1', 10);
INSERT INTO invoices (patient_id, appointment_id, consultation_charges, lab_charges, medication_charges, total_amount, status, issue_date) VALUES (54, 72, 1000, 0, 854, 1854, 'Paid', '2025-11-27');
INSERT INTO appointments (appointment_id, patient_id, doctor_id, department_id, appointment_date, patient_problem_text, predicted_specialty, predicted_severity, status) VALUES (73, 54, 9, 5, '2024-08-05 08:00:00', 'Patient complains of Tumor', 'Oncology', 'High', 'Completed');
INSERT INTO patient_doctor_mapping (patient_id, doctor_id, department_id, first_visit_date, is_primary_doctor) VALUES (54, 9, 5, '2024-08-05', TRUE) ON CONFLICT (patient_id, doctor_id) DO NOTHING;
INSERT INTO medical_records (patient_id, doctor_id, department_id, appointment_id, diagnosis, vital_signs, record_date) VALUES (54, 9, 5, 73, 'Acute Tumor syndrome', '{"bp": "120/80", "temp": "98.6"}', '2024-08-05 08:00:00');
INSERT INTO lab_tests (patient_id, doctor_id, appointment_id, test_name, test_category, ordered_date, status, results) VALUES (54, 9, 73, 'Biopsy', 'Pathology', '2024-08-05 08:00:00', 'Completed', 'Normal');
INSERT INTO invoices (patient_id, appointment_id, consultation_charges, lab_charges, medication_charges, total_amount, status, issue_date) VALUES (54, 73, 500, 872, 0, 1372, 'Paid', '2024-08-05');
INSERT INTO appointments (appointment_id, patient_id, doctor_id, department_id, appointment_date, patient_problem_text, predicted_specialty, predicted_severity, status) VALUES (74, 55, 3, 2, '2024-07-21 14:00:00', 'Patient complains of Seizures', 'Neurology', 'High', 'Completed');
INSERT INTO patient_doctor_mapping (patient_id, doctor_id, department_id, first_visit_date, is_primary_doctor) VALUES (55, 3, 2, '2024-07-21', TRUE) ON CONFLICT (patient_id, doctor_id) DO NOTHING;
INSERT INTO medical_records (patient_id, doctor_id, department_id, appointment_id, diagnosis, vital_signs, record_date) VALUES (55, 3, 2, 74, 'Acute Seizures syndrome', '{"bp": "120/80", "temp": "98.6"}', '2024-07-21 14:00:00');
INSERT INTO prescriptions (patient_id, doctor_id, appointment_id, medication_name, dosage, frequency, quantity) VALUES (55, 3, 74, 'Topiramate', '500mg', '1-0-1', 10);
INSERT INTO invoices (patient_id, appointment_id, consultation_charges, lab_charges, medication_charges, total_amount, status, issue_date) VALUES (55, 74, 800, 0, 959, 1759, 'Paid', '2024-07-21');
INSERT INTO appointments (appointment_id, patient_id, doctor_id, department_id, appointment_date, patient_problem_text, predicted_specialty, predicted_severity, status) VALUES (75, 55, 1, 1, '2025-02-08 14:00:00', 'Patient complains of Chest pain', 'Cardiology', 'High', 'Completed');
INSERT INTO patient_doctor_mapping (patient_id, doctor_id, department_id, first_visit_date, is_primary_doctor) VALUES (55, 1, 1, '2025-02-08', TRUE) ON CONFLICT (patient_id, doctor_id) DO NOTHING;
INSERT INTO medical_records (patient_id, doctor_id, department_id, appointment_id, diagnosis, vital_signs, record_date) VALUES (55, 1, 1, 75, 'Acute Chest pain syndrome', '{"bp": "120/80", "temp": "98.6"}', '2025-02-08 14:00:00');
INSERT INTO lab_tests (patient_id, doctor_id, appointment_id, test_name, test_category, ordered_date, status, results) VALUES (55, 1, 75, 'Echo', 'Pathology', '2025-02-08 14:00:00', 'Completed', 'Normal');
INSERT INTO prescriptions (patient_id, doctor_id, appointment_id, medication_name, dosage, frequency, quantity) VALUES (55, 1, 75, 'Aspirin', '500mg', '1-0-1', 10);
INSERT INTO invoices (patient_id, appointment_id, consultation_charges, lab_charges, medication_charges, total_amount, status, issue_date) VALUES (55, 75, 800, 1372, 891, 3063, 'Paid', '2025-02-08');
INSERT INTO appointments (appointment_id, patient_id, doctor_id, department_id, appointment_date, patient_problem_text, predicted_specialty, predicted_severity, status) VALUES (76, 56, 11, 6, '2024-06-04 18:00:00', 'Patient complains of Rash', 'Dermatology', 'High', 'Completed');
INSERT INTO patient_doctor_mapping (patient_id, doctor_id, department_id, first_visit_date, is_primary_doctor) VALUES (56, 11, 6, '2024-06-04', TRUE) ON CONFLICT (patient_id, doctor_id) DO NOTHING;
INSERT INTO medical_records (patient_id, doctor_id, department_id, appointment_id, diagnosis, vital_signs, record_date) VALUES (56, 11, 6, 76, 'Acute Rash syndrome', '{"bp": "120/80", "temp": "98.6"}', '2024-06-04 18:00:00');
INSERT INTO lab_tests (patient_id, doctor_id, appointment_id, test_name, test_category, ordered_date, status, results) VALUES (56, 11, 76, 'Allergy Test', 'Pathology', '2024-06-04 18:00:00', 'Completed', 'Normal');
INSERT INTO prescriptions (patient_id, doctor_id, appointment_id, medication_name, dosage, frequency, quantity) VALUES (56, 11, 76, 'Clindamycin', '500mg', '1-0-1', 10);
INSERT INTO invoices (patient_id, appointment_id, consultation_charges, lab_charges, medication_charges, total_amount, status, issue_date) VALUES (56, 76, 800, 1115, 973, 2888, 'Paid', '2024-06-04');
INSERT INTO appointments (appointment_id, patient_id, doctor_id, department_id, appointment_date, patient_problem_text, predicted_specialty, predicted_severity, status) VALUES (77, 57, 12, 6, '2024-01-19 03:00:00', 'Patient complains of Acne', 'Dermatology', 'High', 'Completed');
INSERT INTO patient_doctor_mapping (patient_id, doctor_id, department_id, first_visit_date, is_primary_doctor) VALUES (57, 12, 6, '2024-01-19', TRUE) ON CONFLICT (patient_id, doctor_id) DO NOTHING;
INSERT INTO medical_records (patient_id, doctor_id, department_id, appointment_id, diagnosis, vital_signs, record_date) VALUES (57, 12, 6, 77, 'Acute Acne syndrome', '{"bp": "120/80", "temp": "98.6"}', '2024-01-19 03:00:00');
INSERT INTO lab_tests (patient_id, doctor_id, appointment_id, test_name, test_category, ordered_date, status, results) VALUES (57, 12, 77, 'Skin Biopsy', 'Pathology', '2024-01-19 03:00:00', 'Completed', 'Normal');
INSERT INTO invoices (patient_id, appointment_id, consultation_charges, lab_charges, medication_charges, total_amount, status, issue_date) VALUES (57, 77, 800, 1849, 0, 2649, 'Paid', '2024-01-19');
INSERT INTO appointments (appointment_id, patient_id, doctor_id, department_id, appointment_date, patient_problem_text, predicted_specialty, predicted_severity, status) VALUES (78, 57, 11, 6, '2025-08-20 23:00:00', 'Patient complains of Rash', 'Dermatology', 'Low', 'Completed');
INSERT INTO patient_doctor_mapping (patient_id, doctor_id, department_id, first_visit_date, is_primary_doctor) VALUES (57, 11, 6, '2025-08-20', TRUE) ON CONFLICT (patient_id, doctor_id) DO NOTHING;
INSERT INTO medical_records (patient_id, doctor_id, department_id, appointment_id, diagnosis, vital_signs, record_date) VALUES (57, 11, 6, 78, 'Acute Rash syndrome', '{"bp": "120/80", "temp": "98.6"}', '2025-08-20 23:00:00');
INSERT INTO invoices (patient_id, appointment_id, consultation_charges, lab_charges, medication_charges, total_amount, status, issue_date) VALUES (57, 78, 800, 0, 0, 800, 'Paid', '2025-08-20');
INSERT INTO appointments (appointment_id, patient_id, doctor_id, department_id, appointment_date, patient_problem_text, predicted_specialty, predicted_severity, status) VALUES (79, 58, 1, 1, '2025-10-28 06:00:00', 'Patient complains of Palpitations', 'Cardiology', 'Low', 'Completed');
INSERT INTO patient_doctor_mapping (patient_id, doctor_id, department_id, first_visit_date, is_primary_doctor) VALUES (58, 1, 1, '2025-10-28', TRUE) ON CONFLICT (patient_id, doctor_id) DO NOTHING;
INSERT INTO medical_records (patient_id, doctor_id, department_id, appointment_id, diagnosis, vital_signs, record_date) VALUES (58, 1, 1, 79, 'Acute Palpitations syndrome', '{"bp": "120/80", "temp": "98.6"}', '2025-10-28 06:00:00');
INSERT INTO lab_tests (patient_id, doctor_id, appointment_id, test_name, test_category, ordered_date, status, results) VALUES (58, 1, 79, 'Troponin', 'Pathology', '2025-10-28 06:00:00', 'Completed', 'Normal');
INSERT INTO prescriptions (patient_id, doctor_id, appointment_id, medication_name, dosage, frequency, quantity) VALUES (58, 1, 79, 'Metoprolol', '500mg', '1-0-1', 10);
INSERT INTO invoices (patient_id, appointment_id, consultation_charges, lab_charges, medication_charges, total_amount, status, issue_date) VALUES (58, 79, 800, 1885, 764, 3449, 'Paid', '2025-10-28');
INSERT INTO appointments (appointment_id, patient_id, doctor_id, department_id, appointment_date, patient_problem_text, predicted_specialty, predicted_severity, status) VALUES (80, 59, 6, 3, '2025-06-07 07:00:00', 'Patient complains of Joint pain', 'Orthopedics', 'Low', 'Completed');
INSERT INTO patient_doctor_mapping (patient_id, doctor_id, department_id, first_visit_date, is_primary_doctor) VALUES (59, 6, 3, '2025-06-07', TRUE) ON CONFLICT (patient_id, doctor_id) DO NOTHING;
INSERT INTO medical_records (patient_id, doctor_id, department_id, appointment_id, diagnosis, vital_signs, record_date) VALUES (59, 6, 3, 80, 'Acute Joint pain syndrome', '{"bp": "120/80", "temp": "98.6"}', '2025-06-07 07:00:00');
INSERT INTO lab_tests (patient_id, doctor_id, appointment_id, test_name, test_category, ordered_date, status, results) VALUES (59, 6, 80, 'Bone Density', 'Pathology', '2025-06-07 07:00:00', 'Completed', 'Normal');
INSERT INTO invoices (patient_id, appointment_id, consultation_charges, lab_charges, medication_charges, total_amount, status, issue_date) VALUES (59, 80, 1000, 1253, 0, 2253, 'Paid', '2025-06-07');
INSERT INTO appointments (appointment_id, patient_id, doctor_id, department_id, appointment_date, patient_problem_text, predicted_specialty, predicted_severity, status) VALUES (81, 60, 8, 4, '2024-09-07 05:00:00', 'Patient complains of Fever', 'Pediatrics', 'Low', 'Completed');
INSERT INTO patient_doctor_mapping (patient_id, doctor_id, department_id, first_visit_date, is_primary_doctor) VALUES (60, 8, 4, '2024-09-07', TRUE) ON CONFLICT (patient_id, doctor_id) DO NOTHING;
INSERT INTO medical_records (patient_id, doctor_id, department_id, appointment_id, diagnosis, vital_signs, record_date) VALUES (60, 8, 4, 81, 'Acute Fever syndrome', '{"bp": "120/80", "temp": "98.6"}', '2024-09-07 05:00:00');
INSERT INTO prescriptions (patient_id, doctor_id, appointment_id, medication_name, dosage, frequency, quantity) VALUES (60, 8, 81, 'Paracetamol syp', '500mg', '1-0-1', 10);
INSERT INTO invoices (patient_id, appointment_id, consultation_charges, lab_charges, medication_charges, total_amount, status, issue_date) VALUES (60, 81, 1000, 0, 325, 1325, 'Paid', '2024-09-07');
INSERT INTO appointments (appointment_id, patient_id, doctor_id, department_id, appointment_date, patient_problem_text, predicted_specialty, predicted_severity, status) VALUES (82, 60, 4, 2, '2024-07-25 15:00:00', 'Patient complains of Migraine', 'Neurology', 'Medium', 'Completed');
INSERT INTO patient_doctor_mapping (patient_id, doctor_id, department_id, first_visit_date, is_primary_doctor) VALUES (60, 4, 2, '2024-07-25', TRUE) ON CONFLICT (patient_id, doctor_id) DO NOTHING;
INSERT INTO medical_records (patient_id, doctor_id, department_id, appointment_id, diagnosis, vital_signs, record_date) VALUES (60, 4, 2, 82, 'Acute Migraine syndrome', '{"bp": "120/80", "temp": "98.6"}', '2024-07-25 15:00:00');
INSERT INTO invoices (patient_id, appointment_id, consultation_charges, lab_charges, medication_charges, total_amount, status, issue_date) VALUES (60, 82, 1000, 0, 0, 1000, 'Paid', '2024-07-25');
INSERT INTO admissions (admission_id, patient_id, primary_doctor_id, room_id, department_id, admission_date, actual_discharge_date, admission_reason, admission_type, status) VALUES (18, 60, 4, 35, 2, '2024-07-25 15:00:00', '2024-07-27', 'Acute Migraine syndrome', 'Emergency', 'Discharged');
INSERT INTO admission_doctor_care (admission_id, doctor_id, department_id, role_in_care) VALUES (18, 4, 2, 'Primary');
INSERT INTO invoices (patient_id, admission_id, room_charges, total_amount, status, issue_date) VALUES (60, 18, 5000, 10000, 'Pending', '2024-07-25');
INSERT INTO appointments (appointment_id, patient_id, doctor_id, department_id, appointment_date, patient_problem_text, predicted_specialty, predicted_severity, status) VALUES (83, 61, 16, 8, '2025-09-28 01:00:00', 'Patient complains of Pregnancy', 'Gynecology', 'Medium', 'Completed');
INSERT INTO patient_doctor_mapping (patient_id, doctor_id, department_id, first_visit_date, is_primary_doctor) VALUES (61, 16, 8, '2025-09-28', TRUE) ON CONFLICT (patient_id, doctor_id) DO NOTHING;
INSERT INTO medical_records (patient_id, doctor_id, department_id, appointment_id, diagnosis, vital_signs, record_date) VALUES (61, 16, 8, 83, 'Acute Pregnancy syndrome', '{"bp": "120/80", "temp": "98.6"}', '2025-09-28 01:00:00');
INSERT INTO lab_tests (patient_id, doctor_id, appointment_id, test_name, test_category, ordered_date, status, results) VALUES (61, 16, 83, 'Hormone Panel', 'Pathology', '2025-09-28 01:00:00', 'Completed', 'Normal');
INSERT INTO prescriptions (patient_id, doctor_id, appointment_id, medication_name, dosage, frequency, quantity) VALUES (61, 16, 83, 'Iron', '500mg', '1-0-1', 10);
INSERT INTO invoices (patient_id, appointment_id, consultation_charges, lab_charges, medication_charges, total_amount, status, issue_date) VALUES (61, 83, 1000, 667, 601, 2268, 'Paid', '2025-09-28');
INSERT INTO appointments (appointment_id, patient_id, doctor_id, department_id, appointment_date, patient_problem_text, predicted_specialty, predicted_severity, status) VALUES (84, 62, 6, 3, '2025-05-12 19:00:00', 'Patient complains of Joint pain', 'Orthopedics', 'Medium', 'Completed');
INSERT INTO patient_doctor_mapping (patient_id, doctor_id, department_id, first_visit_date, is_primary_doctor) VALUES (62, 6, 3, '2025-05-12', TRUE) ON CONFLICT (patient_id, doctor_id) DO NOTHING;
INSERT INTO medical_records (patient_id, doctor_id, department_id, appointment_id, diagnosis, vital_signs, record_date) VALUES (62, 6, 3, 84, 'Acute Joint pain syndrome', '{"bp": "120/80", "temp": "98.6"}', '2025-05-12 19:00:00');
INSERT INTO prescriptions (patient_id, doctor_id, appointment_id, medication_name, dosage, frequency, quantity) VALUES (62, 6, 84, 'Vitamin D', '500mg', '1-0-1', 10);
INSERT INTO invoices (patient_id, appointment_id, consultation_charges, lab_charges, medication_charges, total_amount, status, issue_date) VALUES (62, 84, 1000, 0, 637, 1637, 'Paid', '2025-05-12');
INSERT INTO appointments (appointment_id, patient_id, doctor_id, department_id, appointment_date, patient_problem_text, predicted_specialty, predicted_severity, status) VALUES (85, 63, 20, 10, '2025-07-10 02:00:00', 'Patient complains of Weakness', 'General Medicine', 'High', 'Completed');
INSERT INTO patient_doctor_mapping (patient_id, doctor_id, department_id, first_visit_date, is_primary_doctor) VALUES (63, 20, 10, '2025-07-10', TRUE) ON CONFLICT (patient_id, doctor_id) DO NOTHING;
INSERT INTO medical_records (patient_id, doctor_id, department_id, appointment_id, diagnosis, vital_signs, record_date) VALUES (63, 20, 10, 85, 'Acute Weakness syndrome', '{"bp": "120/80", "temp": "98.6"}', '2025-07-10 02:00:00');
INSERT INTO prescriptions (patient_id, doctor_id, appointment_id, medication_name, dosage, frequency, quantity) VALUES (63, 20, 85, 'Multivitamins', '500mg', '1-0-1', 10);
INSERT INTO invoices (patient_id, appointment_id, consultation_charges, lab_charges, medication_charges, total_amount, status, issue_date) VALUES (63, 85, 1500, 0, 631, 2131, 'Paid', '2025-07-10');
INSERT INTO admissions (admission_id, patient_id, primary_doctor_id, room_id, department_id, admission_date, actual_discharge_date, admission_reason, admission_type, status) VALUES (19, 63, 20, 44, 10, '2025-07-10 02:00:00', '2025-07-16', 'Acute Weakness syndrome', 'Emergency', 'Discharged');
INSERT INTO admission_doctor_care (admission_id, doctor_id, department_id, role_in_care) VALUES (19, 20, 10, 'Primary');
INSERT INTO invoices (patient_id, admission_id, room_charges, total_amount, status, issue_date) VALUES (63, 19, 5000, 10000, 'Pending', '2025-07-10');
INSERT INTO appointments (appointment_id, patient_id, doctor_id, department_id, appointment_date, patient_problem_text, predicted_specialty, predicted_severity, status) VALUES (86, 63, 15, 8, '2024-08-16 14:00:00', 'Patient complains of PCOS', 'Gynecology', 'High', 'Completed');
INSERT INTO patient_doctor_mapping (patient_id, doctor_id, department_id, first_visit_date, is_primary_doctor) VALUES (63, 15, 8, '2024-08-16', TRUE) ON CONFLICT (patient_id, doctor_id) DO NOTHING;
INSERT INTO medical_records (patient_id, doctor_id, department_id, appointment_id, diagnosis, vital_signs, record_date) VALUES (63, 15, 8, 86, 'Acute PCOS syndrome', '{"bp": "120/80", "temp": "98.6"}', '2024-08-16 14:00:00');
INSERT INTO prescriptions (patient_id, doctor_id, appointment_id, medication_name, dosage, frequency, quantity) VALUES (63, 15, 86, 'Folic Acid', '500mg', '1-0-1', 10);
INSERT INTO invoices (patient_id, appointment_id, consultation_charges, lab_charges, medication_charges, total_amount, status, issue_date) VALUES (63, 86, 1500, 0, 336, 1836, 'Paid', '2024-08-16');
INSERT INTO appointments (appointment_id, patient_id, doctor_id, department_id, appointment_date, patient_problem_text, predicted_specialty, predicted_severity, status) VALUES (87, 64, 19, 10, '2025-01-20 02:00:00', 'Patient complains of Weakness', 'General Medicine', 'High', 'Completed');
INSERT INTO patient_doctor_mapping (patient_id, doctor_id, department_id, first_visit_date, is_primary_doctor) VALUES (64, 19, 10, '2025-01-20', TRUE) ON CONFLICT (patient_id, doctor_id) DO NOTHING;
INSERT INTO medical_records (patient_id, doctor_id, department_id, appointment_id, diagnosis, vital_signs, record_date) VALUES (64, 19, 10, 87, 'Acute Weakness syndrome', '{"bp": "120/80", "temp": "98.6"}', '2025-01-20 02:00:00');
INSERT INTO invoices (patient_id, appointment_id, consultation_charges, lab_charges, medication_charges, total_amount, status, issue_date) VALUES (64, 87, 800, 0, 0, 800, 'Paid', '2025-01-20');
INSERT INTO appointments (appointment_id, patient_id, doctor_id, department_id, appointment_date, patient_problem_text, predicted_specialty, predicted_severity, status) VALUES (88, 65, 12, 6, '2024-09-27 07:00:00', 'Patient complains of Acne', 'Dermatology', 'High', 'Completed');
INSERT INTO patient_doctor_mapping (patient_id, doctor_id, department_id, first_visit_date, is_primary_doctor) VALUES (65, 12, 6, '2024-09-27', TRUE) ON CONFLICT (patient_id, doctor_id) DO NOTHING;
INSERT INTO medical_records (patient_id, doctor_id, department_id, appointment_id, diagnosis, vital_signs, record_date) VALUES (65, 12, 6, 88, 'Acute Acne syndrome', '{"bp": "120/80", "temp": "98.6"}', '2024-09-27 07:00:00');
INSERT INTO invoices (patient_id, appointment_id, consultation_charges, lab_charges, medication_charges, total_amount, status, issue_date) VALUES (65, 88, 800, 0, 0, 800, 'Paid', '2024-09-27');
INSERT INTO appointments (appointment_id, patient_id, doctor_id, department_id, appointment_date, patient_problem_text, predicted_specialty, predicted_severity, status) VALUES (89, 65, 11, 6, '2024-10-12 12:00:00', 'Patient complains of Rash', 'Dermatology', 'Low', 'Completed');
INSERT INTO patient_doctor_mapping (patient_id, doctor_id, department_id, first_visit_date, is_primary_doctor) VALUES (65, 11, 6, '2024-10-12', TRUE) ON CONFLICT (patient_id, doctor_id) DO NOTHING;
INSERT INTO medical_records (patient_id, doctor_id, department_id, appointment_id, diagnosis, vital_signs, record_date) VALUES (65, 11, 6, 89, 'Acute Rash syndrome', '{"bp": "120/80", "temp": "98.6"}', '2024-10-12 12:00:00');
INSERT INTO prescriptions (patient_id, doctor_id, appointment_id, medication_name, dosage, frequency, quantity) VALUES (65, 11, 89, 'Cetirizine', '500mg', '1-0-1', 10);
INSERT INTO invoices (patient_id, appointment_id, consultation_charges, lab_charges, medication_charges, total_amount, status, issue_date) VALUES (65, 89, 800, 0, 214, 1014, 'Paid', '2024-10-12');
INSERT INTO appointments (appointment_id, patient_id, doctor_id, department_id, appointment_date, patient_problem_text, predicted_specialty, predicted_severity, status) VALUES (90, 66, 7, 4, '2024-06-05 00:00:00', 'Patient complains of Fever', 'Pediatrics', 'High', 'Completed');
INSERT INTO patient_doctor_mapping (patient_id, doctor_id, department_id, first_visit_date, is_primary_doctor) VALUES (66, 7, 4, '2024-06-05', TRUE) ON CONFLICT (patient_id, doctor_id) DO NOTHING;
INSERT INTO medical_records (patient_id, doctor_id, department_id, appointment_id, diagnosis, vital_signs, record_date) VALUES (66, 7, 4, 90, 'Acute Fever syndrome', '{"bp": "120/80", "temp": "98.6"}', '2024-06-05 00:00:00');
INSERT INTO invoices (patient_id, appointment_id, consultation_charges, lab_charges, medication_charges, total_amount, status, issue_date) VALUES (66, 90, 1000, 0, 0, 1000, 'Paid', '2024-06-05');
INSERT INTO appointments (appointment_id, patient_id, doctor_id, department_id, appointment_date, patient_problem_text, predicted_specialty, predicted_severity, status) VALUES (91, 66, 13, 7, '2024-08-14 02:00:00', 'Patient complains of Ulcers', 'Gastroenterology', 'High', 'Completed');
INSERT INTO patient_doctor_mapping (patient_id, doctor_id, department_id, first_visit_date, is_primary_doctor) VALUES (66, 13, 7, '2024-08-14', TRUE) ON CONFLICT (patient_id, doctor_id) DO NOTHING;
INSERT INTO medical_records (patient_id, doctor_id, department_id, appointment_id, diagnosis, vital_signs, record_date) VALUES (66, 13, 7, 91, 'Acute Ulcers syndrome', '{"bp": "120/80", "temp": "98.6"}', '2024-08-14 02:00:00');
INSERT INTO lab_tests (patient_id, doctor_id, appointment_id, test_name, test_category, ordered_date, status, results) VALUES (66, 13, 91, 'Endoscopy', 'Pathology', '2024-08-14 02:00:00', 'Completed', 'Normal');
INSERT INTO prescriptions (patient_id, doctor_id, appointment_id, medication_name, dosage, frequency, quantity) VALUES (66, 13, 91, 'Probiotics', '500mg', '1-0-1', 10);
INSERT INTO invoices (patient_id, appointment_id, consultation_charges, lab_charges, medication_charges, total_amount, status, issue_date) VALUES (66, 91, 1500, 1854, 381, 3735, 'Paid', '2024-08-14');
INSERT INTO admissions (admission_id, patient_id, primary_doctor_id, room_id, department_id, admission_date, actual_discharge_date, admission_reason, admission_type, status) VALUES (20, 66, 13, 32, 7, '2024-08-14 02:00:00', '2024-08-21', 'Acute Ulcers syndrome', 'Emergency', 'Discharged');
INSERT INTO admission_doctor_care (admission_id, doctor_id, department_id, role_in_care) VALUES (20, 13, 7, 'Primary');
INSERT INTO invoices (patient_id, admission_id, room_charges, total_amount, status, issue_date) VALUES (66, 20, 5000, 10000, 'Pending', '2024-08-14');
INSERT INTO appointments (appointment_id, patient_id, doctor_id, department_id, appointment_date, patient_problem_text, predicted_specialty, predicted_severity, status) VALUES (92, 67, 4, 2, '2024-01-26 07:00:00', 'Patient complains of Seizures', 'Neurology', 'Medium', 'Completed');
INSERT INTO patient_doctor_mapping (patient_id, doctor_id, department_id, first_visit_date, is_primary_doctor) VALUES (67, 4, 2, '2024-01-26', TRUE) ON CONFLICT (patient_id, doctor_id) DO NOTHING;
INSERT INTO medical_records (patient_id, doctor_id, department_id, appointment_id, diagnosis, vital_signs, record_date) VALUES (67, 4, 2, 92, 'Acute Seizures syndrome', '{"bp": "120/80", "temp": "98.6"}', '2024-01-26 07:00:00');
INSERT INTO prescriptions (patient_id, doctor_id, appointment_id, medication_name, dosage, frequency, quantity) VALUES (67, 4, 92, 'Paracetamol', '500mg', '1-0-1', 10);
INSERT INTO invoices (patient_id, appointment_id, consultation_charges, lab_charges, medication_charges, total_amount, status, issue_date) VALUES (67, 92, 1000, 0, 433, 1433, 'Paid', '2024-01-26');
INSERT INTO appointments (appointment_id, patient_id, doctor_id, department_id, appointment_date, patient_problem_text, predicted_specialty, predicted_severity, status) VALUES (93, 67, 3, 2, '2025-08-01 09:00:00', 'Patient complains of Migraine', 'Neurology', 'Low', 'Completed');
INSERT INTO patient_doctor_mapping (patient_id, doctor_id, department_id, first_visit_date, is_primary_doctor) VALUES (67, 3, 2, '2025-08-01', TRUE) ON CONFLICT (patient_id, doctor_id) DO NOTHING;
INSERT INTO medical_records (patient_id, doctor_id, department_id, appointment_id, diagnosis, vital_signs, record_date) VALUES (67, 3, 2, 93, 'Acute Migraine syndrome', '{"bp": "120/80", "temp": "98.6"}', '2025-08-01 09:00:00');
INSERT INTO prescriptions (patient_id, doctor_id, appointment_id, medication_name, dosage, frequency, quantity) VALUES (67, 3, 93, 'Paracetamol', '500mg', '1-0-1', 10);
INSERT INTO invoices (patient_id, appointment_id, consultation_charges, lab_charges, medication_charges, total_amount, status, issue_date) VALUES (67, 93, 800, 0, 717, 1517, 'Paid', '2025-08-01');
INSERT INTO appointments (appointment_id, patient_id, doctor_id, department_id, appointment_date, patient_problem_text, predicted_specialty, predicted_severity, status) VALUES (94, 68, 13, 7, '2025-08-18 21:00:00', 'Patient complains of Ulcers', 'Gastroenterology', 'Medium', 'Completed');
INSERT INTO patient_doctor_mapping (patient_id, doctor_id, department_id, first_visit_date, is_primary_doctor) VALUES (68, 13, 7, '2025-08-18', TRUE) ON CONFLICT (patient_id, doctor_id) DO NOTHING;
INSERT INTO medical_records (patient_id, doctor_id, department_id, appointment_id, diagnosis, vital_signs, record_date) VALUES (68, 13, 7, 94, 'Acute Ulcers syndrome', '{"bp": "120/80", "temp": "98.6"}', '2025-08-18 21:00:00');
INSERT INTO invoices (patient_id, appointment_id, consultation_charges, lab_charges, medication_charges, total_amount, status, issue_date) VALUES (68, 94, 1500, 0, 0, 1500, 'Paid', '2025-08-18');
INSERT INTO admissions (admission_id, patient_id, primary_doctor_id, room_id, department_id, admission_date, actual_discharge_date, admission_reason, admission_type, status) VALUES (21, 68, 13, 12, 7, '2025-08-18 21:00:00', '2025-08-22', 'Acute Ulcers syndrome', 'Emergency', 'Discharged');
INSERT INTO admission_doctor_care (admission_id, doctor_id, department_id, role_in_care) VALUES (21, 13, 7, 'Primary');
INSERT INTO invoices (patient_id, admission_id, room_charges, total_amount, status, issue_date) VALUES (68, 21, 5000, 10000, 'Pending', '2025-08-18');
INSERT INTO appointments (appointment_id, patient_id, doctor_id, department_id, appointment_date, patient_problem_text, predicted_specialty, predicted_severity, status) VALUES (95, 68, 14, 7, '2024-07-18 14:00:00', 'Patient complains of Stomach pain', 'Gastroenterology', 'Medium', 'Completed');
INSERT INTO patient_doctor_mapping (patient_id, doctor_id, department_id, first_visit_date, is_primary_doctor) VALUES (68, 14, 7, '2024-07-18', TRUE) ON CONFLICT (patient_id, doctor_id) DO NOTHING;
INSERT INTO medical_records (patient_id, doctor_id, department_id, appointment_id, diagnosis, vital_signs, record_date) VALUES (68, 14, 7, 95, 'Acute Stomach pain syndrome', '{"bp": "120/80", "temp": "98.6"}', '2024-07-18 14:00:00');
INSERT INTO lab_tests (patient_id, doctor_id, appointment_id, test_name, test_category, ordered_date, status, results) VALUES (68, 14, 95, 'Colonoscopy', 'Pathology', '2024-07-18 14:00:00', 'Completed', 'Normal');
INSERT INTO prescriptions (patient_id, doctor_id, appointment_id, medication_name, dosage, frequency, quantity) VALUES (68, 14, 95, 'Pantoprazole', '500mg', '1-0-1', 10);
INSERT INTO invoices (patient_id, appointment_id, consultation_charges, lab_charges, medication_charges, total_amount, status, issue_date) VALUES (68, 95, 1000, 1462, 924, 3386, 'Paid', '2024-07-18');
INSERT INTO appointments (appointment_id, patient_id, doctor_id, department_id, appointment_date, patient_problem_text, predicted_specialty, predicted_severity, status) VALUES (96, 69, 5, 3, '2025-12-18 21:00:00', 'Patient complains of Joint pain', 'Orthopedics', 'Medium', 'Completed');
INSERT INTO patient_doctor_mapping (patient_id, doctor_id, department_id, first_visit_date, is_primary_doctor) VALUES (69, 5, 3, '2025-12-18', TRUE) ON CONFLICT (patient_id, doctor_id) DO NOTHING;
INSERT INTO medical_records (patient_id, doctor_id, department_id, appointment_id, diagnosis, vital_signs, record_date) VALUES (69, 5, 3, 96, 'Acute Joint pain syndrome', '{"bp": "120/80", "temp": "98.6"}', '2025-12-18 21:00:00');
INSERT INTO prescriptions (patient_id, doctor_id, appointment_id, medication_name, dosage, frequency, quantity) VALUES (69, 5, 96, 'Calcium', '500mg', '1-0-1', 10);
INSERT INTO invoices (patient_id, appointment_id, consultation_charges, lab_charges, medication_charges, total_amount, status, issue_date) VALUES (69, 96, 1000, 0, 835, 1835, 'Paid', '2025-12-18');
INSERT INTO appointments (appointment_id, patient_id, doctor_id, department_id, appointment_date, patient_problem_text, predicted_specialty, predicted_severity, status) VALUES (97, 69, 6, 3, '2025-07-24 04:00:00', 'Patient complains of Fracture', 'Orthopedics', 'Low', 'Completed');
INSERT INTO patient_doctor_mapping (patient_id, doctor_id, department_id, first_visit_date, is_primary_doctor) VALUES (69, 6, 3, '2025-07-24', TRUE) ON CONFLICT (patient_id, doctor_id) DO NOTHING;
INSERT INTO medical_records (patient_id, doctor_id, department_id, appointment_id, diagnosis, vital_signs, record_date) VALUES (69, 6, 3, 97, 'Acute Fracture syndrome', '{"bp": "120/80", "temp": "98.6"}', '2025-07-24 04:00:00');
INSERT INTO lab_tests (patient_id, doctor_id, appointment_id, test_name, test_category, ordered_date, status, results) VALUES (69, 6, 97, 'X-Ray', 'Pathology', '2025-07-24 04:00:00', 'Completed', 'Normal');
INSERT INTO prescriptions (patient_id, doctor_id, appointment_id, medication_name, dosage, frequency, quantity) VALUES (69, 6, 97, 'Vitamin D', '500mg', '1-0-1', 10);
INSERT INTO invoices (patient_id, appointment_id, consultation_charges, lab_charges, medication_charges, total_amount, status, issue_date) VALUES (69, 97, 1000, 1699, 661, 3360, 'Paid', '2025-07-24');
INSERT INTO appointments (appointment_id, patient_id, doctor_id, department_id, appointment_date, patient_problem_text, predicted_specialty, predicted_severity, status) VALUES (98, 70, 9, 5, '2024-08-08 07:00:00', 'Patient complains of Tumor', 'Oncology', 'High', 'Completed');
INSERT INTO patient_doctor_mapping (patient_id, doctor_id, department_id, first_visit_date, is_primary_doctor) VALUES (70, 9, 5, '2024-08-08', TRUE) ON CONFLICT (patient_id, doctor_id) DO NOTHING;
INSERT INTO medical_records (patient_id, doctor_id, department_id, appointment_id, diagnosis, vital_signs, record_date) VALUES (70, 9, 5, 98, 'Acute Tumor syndrome', '{"bp": "120/80", "temp": "98.6"}', '2024-08-08 07:00:00');
INSERT INTO lab_tests (patient_id, doctor_id, appointment_id, test_name, test_category, ordered_date, status, results) VALUES (70, 9, 98, 'Tumor Markers', 'Pathology', '2024-08-08 07:00:00', 'Completed', 'Normal');
INSERT INTO invoices (patient_id, appointment_id, consultation_charges, lab_charges, medication_charges, total_amount, status, issue_date) VALUES (70, 98, 500, 1945, 0, 2445, 'Paid', '2024-08-08');
INSERT INTO appointments (appointment_id, patient_id, doctor_id, department_id, appointment_date, patient_problem_text, predicted_specialty, predicted_severity, status) VALUES (99, 71, 2, 1, '2025-01-06 02:00:00', 'Patient complains of Chest pain', 'Cardiology', 'Low', 'Completed');
INSERT INTO patient_doctor_mapping (patient_id, doctor_id, department_id, first_visit_date, is_primary_doctor) VALUES (71, 2, 1, '2025-01-06', TRUE) ON CONFLICT (patient_id, doctor_id) DO NOTHING;
INSERT INTO medical_records (patient_id, doctor_id, department_id, appointment_id, diagnosis, vital_signs, record_date) VALUES (71, 2, 1, 99, 'Acute Chest pain syndrome', '{"bp": "120/80", "temp": "98.6"}', '2025-01-06 02:00:00');
INSERT INTO invoices (patient_id, appointment_id, consultation_charges, lab_charges, medication_charges, total_amount, status, issue_date) VALUES (71, 99, 800, 0, 0, 800, 'Paid', '2025-01-06');
INSERT INTO appointments (appointment_id, patient_id, doctor_id, department_id, appointment_date, patient_problem_text, predicted_specialty, predicted_severity, status) VALUES (100, 71, 17, 9, '2024-03-06 23:00:00', 'Patient complains of Ear pain', 'ENT', 'Medium', 'Completed');
INSERT INTO patient_doctor_mapping (patient_id, doctor_id, department_id, first_visit_date, is_primary_doctor) VALUES (71, 17, 9, '2024-03-06', TRUE) ON CONFLICT (patient_id, doctor_id) DO NOTHING;
INSERT INTO medical_records (patient_id, doctor_id, department_id, appointment_id, diagnosis, vital_signs, record_date) VALUES (71, 17, 9, 100, 'Acute Ear pain syndrome', '{"bp": "120/80", "temp": "98.6"}', '2024-03-06 23:00:00');
INSERT INTO invoices (patient_id, appointment_id, consultation_charges, lab_charges, medication_charges, total_amount, status, issue_date) VALUES (71, 100, 1000, 0, 0, 1000, 'Paid', '2024-03-06');
INSERT INTO appointments (appointment_id, patient_id, doctor_id, department_id, appointment_date, patient_problem_text, predicted_specialty, predicted_severity, status) VALUES (101, 72, 11, 6, '2024-12-25 16:00:00', 'Patient complains of Acne', 'Dermatology', 'High', 'Completed');
INSERT INTO patient_doctor_mapping (patient_id, doctor_id, department_id, first_visit_date, is_primary_doctor) VALUES (72, 11, 6, '2024-12-25', TRUE) ON CONFLICT (patient_id, doctor_id) DO NOTHING;
INSERT INTO medical_records (patient_id, doctor_id, department_id, appointment_id, diagnosis, vital_signs, record_date) VALUES (72, 11, 6, 101, 'Acute Acne syndrome', '{"bp": "120/80", "temp": "98.6"}', '2024-12-25 16:00:00');
INSERT INTO prescriptions (patient_id, doctor_id, appointment_id, medication_name, dosage, frequency, quantity) VALUES (72, 11, 101, 'Clindamycin', '500mg', '1-0-1', 10);
INSERT INTO invoices (patient_id, appointment_id, consultation_charges, lab_charges, medication_charges, total_amount, status, issue_date) VALUES (72, 101, 800, 0, 938, 1738, 'Paid', '2024-12-25');
INSERT INTO appointments (appointment_id, patient_id, doctor_id, department_id, appointment_date, patient_problem_text, predicted_specialty, predicted_severity, status) VALUES (102, 73, 3, 2, '2025-09-18 20:00:00', 'Patient complains of Migraine', 'Neurology', 'Low', 'Completed');
INSERT INTO patient_doctor_mapping (patient_id, doctor_id, department_id, first_visit_date, is_primary_doctor) VALUES (73, 3, 2, '2025-09-18', TRUE) ON CONFLICT (patient_id, doctor_id) DO NOTHING;
INSERT INTO medical_records (patient_id, doctor_id, department_id, appointment_id, diagnosis, vital_signs, record_date) VALUES (73, 3, 2, 102, 'Acute Migraine syndrome', '{"bp": "120/80", "temp": "98.6"}', '2025-09-18 20:00:00');
INSERT INTO lab_tests (patient_id, doctor_id, appointment_id, test_name, test_category, ordered_date, status, results) VALUES (73, 3, 102, 'EEG', 'Pathology', '2025-09-18 20:00:00', 'Completed', 'Normal');
INSERT INTO prescriptions (patient_id, doctor_id, appointment_id, medication_name, dosage, frequency, quantity) VALUES (73, 3, 102, 'Paracetamol', '500mg', '1-0-1', 10);
INSERT INTO invoices (patient_id, appointment_id, consultation_charges, lab_charges, medication_charges, total_amount, status, issue_date) VALUES (73, 102, 800, 1732, 663, 3195, 'Paid', '2025-09-18');
INSERT INTO appointments (appointment_id, patient_id, doctor_id, department_id, appointment_date, patient_problem_text, predicted_specialty, predicted_severity, status) VALUES (103, 74, 19, 10, '2025-06-05 14:00:00', 'Patient complains of Viral fever', 'General Medicine', 'Medium', 'Completed');
INSERT INTO patient_doctor_mapping (patient_id, doctor_id, department_id, first_visit_date, is_primary_doctor) VALUES (74, 19, 10, '2025-06-05', TRUE) ON CONFLICT (patient_id, doctor_id) DO NOTHING;
INSERT INTO medical_records (patient_id, doctor_id, department_id, appointment_id, diagnosis, vital_signs, record_date) VALUES (74, 19, 10, 103, 'Acute Viral fever syndrome', '{"bp": "120/80", "temp": "98.6"}', '2025-06-05 14:00:00');
INSERT INTO prescriptions (patient_id, doctor_id, appointment_id, medication_name, dosage, frequency, quantity) VALUES (74, 19, 103, 'Paracetamol', '500mg', '1-0-1', 10);
INSERT INTO invoices (patient_id, appointment_id, consultation_charges, lab_charges, medication_charges, total_amount, status, issue_date) VALUES (74, 103, 800, 0, 390, 1190, 'Paid', '2025-06-05');
INSERT INTO appointments (appointment_id, patient_id, doctor_id, department_id, appointment_date, patient_problem_text, predicted_specialty, predicted_severity, status) VALUES (104, 74, 18, 9, '2024-08-19 18:00:00', 'Patient complains of Ear pain', 'ENT', 'Medium', 'Completed');
INSERT INTO patient_doctor_mapping (patient_id, doctor_id, department_id, first_visit_date, is_primary_doctor) VALUES (74, 18, 9, '2024-08-19', TRUE) ON CONFLICT (patient_id, doctor_id) DO NOTHING;
INSERT INTO medical_records (patient_id, doctor_id, department_id, appointment_id, diagnosis, vital_signs, record_date) VALUES (74, 18, 9, 104, 'Acute Ear pain syndrome', '{"bp": "120/80", "temp": "98.6"}', '2024-08-19 18:00:00');
INSERT INTO prescriptions (patient_id, doctor_id, appointment_id, medication_name, dosage, frequency, quantity) VALUES (74, 18, 104, 'Otrivin', '500mg', '1-0-1', 10);
INSERT INTO invoices (patient_id, appointment_id, consultation_charges, lab_charges, medication_charges, total_amount, status, issue_date) VALUES (74, 104, 800, 0, 796, 1596, 'Paid', '2024-08-19');
INSERT INTO admissions (admission_id, patient_id, primary_doctor_id, room_id, department_id, admission_date, actual_discharge_date, admission_reason, admission_type, status) VALUES (22, 74, 18, 71, 9, '2024-08-19 18:00:00', '2024-08-23', 'Acute Ear pain syndrome', 'Emergency', 'Discharged');
INSERT INTO admission_doctor_care (admission_id, doctor_id, department_id, role_in_care) VALUES (22, 18, 9, 'Primary');
INSERT INTO invoices (patient_id, admission_id, room_charges, total_amount, status, issue_date) VALUES (74, 22, 5000, 10000, 'Pending', '2024-08-19');
INSERT INTO appointments (appointment_id, patient_id, doctor_id, department_id, appointment_date, patient_problem_text, predicted_specialty, predicted_severity, status) VALUES (105, 75, 14, 7, '2024-02-25 06:00:00', 'Patient complains of Stomach pain', 'Gastroenterology', 'Low', 'Completed');
INSERT INTO patient_doctor_mapping (patient_id, doctor_id, department_id, first_visit_date, is_primary_doctor) VALUES (75, 14, 7, '2024-02-25', TRUE) ON CONFLICT (patient_id, doctor_id) DO NOTHING;
INSERT INTO medical_records (patient_id, doctor_id, department_id, appointment_id, diagnosis, vital_signs, record_date) VALUES (75, 14, 7, 105, 'Acute Stomach pain syndrome', '{"bp": "120/80", "temp": "98.6"}', '2024-02-25 06:00:00');
INSERT INTO prescriptions (patient_id, doctor_id, appointment_id, medication_name, dosage, frequency, quantity) VALUES (75, 14, 105, 'Omeprazole', '500mg', '1-0-1', 10);
INSERT INTO invoices (patient_id, appointment_id, consultation_charges, lab_charges, medication_charges, total_amount, status, issue_date) VALUES (75, 105, 1000, 0, 860, 1860, 'Paid', '2024-02-25');
INSERT INTO appointments (appointment_id, patient_id, doctor_id, department_id, appointment_date, patient_problem_text, predicted_specialty, predicted_severity, status) VALUES (106, 75, 11, 6, '2025-02-10 09:00:00', 'Patient complains of Rash', 'Dermatology', 'Medium', 'Completed');
INSERT INTO patient_doctor_mapping (patient_id, doctor_id, department_id, first_visit_date, is_primary_doctor) VALUES (75, 11, 6, '2025-02-10', TRUE) ON CONFLICT (patient_id, doctor_id) DO NOTHING;
INSERT INTO medical_records (patient_id, doctor_id, department_id, appointment_id, diagnosis, vital_signs, record_date) VALUES (75, 11, 6, 106, 'Acute Rash syndrome', '{"bp": "120/80", "temp": "98.6"}', '2025-02-10 09:00:00');
INSERT INTO invoices (patient_id, appointment_id, consultation_charges, lab_charges, medication_charges, total_amount, status, issue_date) VALUES (75, 106, 800, 0, 0, 800, 'Paid', '2025-02-10');
UPDATE rooms SET status = 'Occupied', current_occupancy = 1 WHERE room_id = 66;
INSERT INTO admissions (admission_id, patient_id, primary_doctor_id, room_id, department_id, admission_date, actual_discharge_date, admission_reason, admission_type, status) VALUES (23, 75, 11, 66, 6, '2026-01-15 20:00:51.958825', NULL, 'Acute Rash syndrome', 'Emergency', 'Active');
INSERT INTO admission_doctor_care (admission_id, doctor_id, department_id, role_in_care) VALUES (23, 11, 6, 'Primary');
INSERT INTO invoices (patient_id, admission_id, room_charges, total_amount, status, issue_date) VALUES (75, 23, 5000, 10000, 'Pending', '2026-01-15');
INSERT INTO appointments (appointment_id, patient_id, doctor_id, department_id, appointment_date, patient_problem_text, predicted_specialty, predicted_severity, status) VALUES (107, 76, 5, 3, '2024-05-29 01:00:00', 'Patient complains of Fracture', 'Orthopedics', 'Medium', 'Completed');
INSERT INTO patient_doctor_mapping (patient_id, doctor_id, department_id, first_visit_date, is_primary_doctor) VALUES (76, 5, 3, '2024-05-29', TRUE) ON CONFLICT (patient_id, doctor_id) DO NOTHING;
INSERT INTO medical_records (patient_id, doctor_id, department_id, appointment_id, diagnosis, vital_signs, record_date) VALUES (76, 5, 3, 107, 'Acute Fracture syndrome', '{"bp": "120/80", "temp": "98.6"}', '2024-05-29 01:00:00');
INSERT INTO invoices (patient_id, appointment_id, consultation_charges, lab_charges, medication_charges, total_amount, status, issue_date) VALUES (76, 107, 1000, 0, 0, 1000, 'Paid', '2024-05-29');
INSERT INTO appointments (appointment_id, patient_id, doctor_id, department_id, appointment_date, patient_problem_text, predicted_specialty, predicted_severity, status) VALUES (108, 76, 10, 5, '2025-09-04 07:00:00', 'Patient complains of Tumor', 'Oncology', 'Low', 'Completed');
INSERT INTO patient_doctor_mapping (patient_id, doctor_id, department_id, first_visit_date, is_primary_doctor) VALUES (76, 10, 5, '2025-09-04', TRUE) ON CONFLICT (patient_id, doctor_id) DO NOTHING;
INSERT INTO medical_records (patient_id, doctor_id, department_id, appointment_id, diagnosis, vital_signs, record_date) VALUES (76, 10, 5, 108, 'Acute Tumor syndrome', '{"bp": "120/80", "temp": "98.6"}', '2025-09-04 07:00:00');
INSERT INTO invoices (patient_id, appointment_id, consultation_charges, lab_charges, medication_charges, total_amount, status, issue_date) VALUES (76, 108, 1500, 0, 0, 1500, 'Paid', '2025-09-04');
INSERT INTO appointments (appointment_id, patient_id, doctor_id, department_id, appointment_date, patient_problem_text, predicted_specialty, predicted_severity, status) VALUES (109, 77, 3, 2, '2025-05-31 00:00:00', 'Patient complains of Seizures', 'Neurology', 'Low', 'Completed');
INSERT INTO patient_doctor_mapping (patient_id, doctor_id, department_id, first_visit_date, is_primary_doctor) VALUES (77, 3, 2, '2025-05-31', TRUE) ON CONFLICT (patient_id, doctor_id) DO NOTHING;
INSERT INTO medical_records (patient_id, doctor_id, department_id, appointment_id, diagnosis, vital_signs, record_date) VALUES (77, 3, 2, 109, 'Acute Seizures syndrome', '{"bp": "120/80", "temp": "98.6"}', '2025-05-31 00:00:00');
INSERT INTO prescriptions (patient_id, doctor_id, appointment_id, medication_name, dosage, frequency, quantity) VALUES (77, 3, 109, 'Levetiracetam', '500mg', '1-0-1', 10);
INSERT INTO invoices (patient_id, appointment_id, consultation_charges, lab_charges, medication_charges, total_amount, status, issue_date) VALUES (77, 109, 800, 0, 704, 1504, 'Paid', '2025-05-31');
INSERT INTO appointments (appointment_id, patient_id, doctor_id, department_id, appointment_date, patient_problem_text, predicted_specialty, predicted_severity, status) VALUES (110, 77, 9, 5, '2025-12-25 16:00:00', 'Patient complains of Tumor', 'Oncology', 'Low', 'Completed');
INSERT INTO patient_doctor_mapping (patient_id, doctor_id, department_id, first_visit_date, is_primary_doctor) VALUES (77, 9, 5, '2025-12-25', TRUE) ON CONFLICT (patient_id, doctor_id) DO NOTHING;
INSERT INTO medical_records (patient_id, doctor_id, department_id, appointment_id, diagnosis, vital_signs, record_date) VALUES (77, 9, 5, 110, 'Acute Tumor syndrome', '{"bp": "120/80", "temp": "98.6"}', '2025-12-25 16:00:00');
INSERT INTO prescriptions (patient_id, doctor_id, appointment_id, medication_name, dosage, frequency, quantity) VALUES (77, 9, 110, 'Methotrexate', '500mg', '1-0-1', 10);
INSERT INTO invoices (patient_id, appointment_id, consultation_charges, lab_charges, medication_charges, total_amount, status, issue_date) VALUES (77, 110, 500, 0, 454, 954, 'Paid', '2025-12-25');
INSERT INTO appointments (appointment_id, patient_id, doctor_id, department_id, appointment_date, patient_problem_text, predicted_specialty, predicted_severity, status) VALUES (111, 78, 6, 3, '2025-12-01 04:00:00', 'Patient complains of Joint pain', 'Orthopedics', 'Low', 'Completed');
INSERT INTO patient_doctor_mapping (patient_id, doctor_id, department_id, first_visit_date, is_primary_doctor) VALUES (78, 6, 3, '2025-12-01', TRUE) ON CONFLICT (patient_id, doctor_id) DO NOTHING;
INSERT INTO medical_records (patient_id, doctor_id, department_id, appointment_id, diagnosis, vital_signs, record_date) VALUES (78, 6, 3, 111, 'Acute Joint pain syndrome', '{"bp": "120/80", "temp": "98.6"}', '2025-12-01 04:00:00');
INSERT INTO lab_tests (patient_id, doctor_id, appointment_id, test_name, test_category, ordered_date, status, results) VALUES (78, 6, 111, 'MRI Knee', 'Pathology', '2025-12-01 04:00:00', 'Completed', 'Normal');
INSERT INTO invoices (patient_id, appointment_id, consultation_charges, lab_charges, medication_charges, total_amount, status, issue_date) VALUES (78, 111, 1000, 692, 0, 1692, 'Paid', '2025-12-01');
INSERT INTO appointments (appointment_id, patient_id, doctor_id, department_id, appointment_date, patient_problem_text, predicted_specialty, predicted_severity, status) VALUES (112, 78, 12, 6, '2025-01-15 21:00:00', 'Patient complains of Rash', 'Dermatology', 'High', 'Completed');
INSERT INTO patient_doctor_mapping (patient_id, doctor_id, department_id, first_visit_date, is_primary_doctor) VALUES (78, 12, 6, '2025-01-15', TRUE) ON CONFLICT (patient_id, doctor_id) DO NOTHING;
INSERT INTO medical_records (patient_id, doctor_id, department_id, appointment_id, diagnosis, vital_signs, record_date) VALUES (78, 12, 6, 112, 'Acute Rash syndrome', '{"bp": "120/80", "temp": "98.6"}', '2025-01-15 21:00:00');
INSERT INTO lab_tests (patient_id, doctor_id, appointment_id, test_name, test_category, ordered_date, status, results) VALUES (78, 12, 112, 'Allergy Test', 'Pathology', '2025-01-15 21:00:00', 'Completed', 'Normal');
INSERT INTO prescriptions (patient_id, doctor_id, appointment_id, medication_name, dosage, frequency, quantity) VALUES (78, 12, 112, 'Cetirizine', '500mg', '1-0-1', 10);
INSERT INTO invoices (patient_id, appointment_id, consultation_charges, lab_charges, medication_charges, total_amount, status, issue_date) VALUES (78, 112, 800, 975, 710, 2485, 'Paid', '2025-01-15');
INSERT INTO admissions (admission_id, patient_id, primary_doctor_id, room_id, department_id, admission_date, actual_discharge_date, admission_reason, admission_type, status) VALUES (24, 78, 12, 1, 6, '2025-01-15 21:00:00', '2025-01-20', 'Acute Rash syndrome', 'Emergency', 'Discharged');
INSERT INTO admission_doctor_care (admission_id, doctor_id, department_id, role_in_care) VALUES (24, 12, 6, 'Primary');
INSERT INTO invoices (patient_id, admission_id, room_charges, total_amount, status, issue_date) VALUES (78, 24, 5000, 10000, 'Pending', '2025-01-15');
INSERT INTO appointments (appointment_id, patient_id, doctor_id, department_id, appointment_date, patient_problem_text, predicted_specialty, predicted_severity, status) VALUES (113, 79, 17, 9, '2024-12-21 05:00:00', 'Patient complains of Ear pain', 'ENT', 'Medium', 'Completed');
INSERT INTO patient_doctor_mapping (patient_id, doctor_id, department_id, first_visit_date, is_primary_doctor) VALUES (79, 17, 9, '2024-12-21', TRUE) ON CONFLICT (patient_id, doctor_id) DO NOTHING;
INSERT INTO medical_records (patient_id, doctor_id, department_id, appointment_id, diagnosis, vital_signs, record_date) VALUES (79, 17, 9, 113, 'Acute Ear pain syndrome', '{"bp": "120/80", "temp": "98.6"}', '2024-12-21 05:00:00');
INSERT INTO prescriptions (patient_id, doctor_id, appointment_id, medication_name, dosage, frequency, quantity) VALUES (79, 17, 113, 'Augmentin', '500mg', '1-0-1', 10);
INSERT INTO invoices (patient_id, appointment_id, consultation_charges, lab_charges, medication_charges, total_amount, status, issue_date) VALUES (79, 113, 1000, 0, 427, 1427, 'Paid', '2024-12-21');
INSERT INTO admissions (admission_id, patient_id, primary_doctor_id, room_id, department_id, admission_date, actual_discharge_date, admission_reason, admission_type, status) VALUES (25, 79, 17, 41, 9, '2024-12-21 05:00:00', '2024-12-27', 'Acute Ear pain syndrome', 'Emergency', 'Discharged');
INSERT INTO admission_doctor_care (admission_id, doctor_id, department_id, role_in_care) VALUES (25, 17, 9, 'Primary');
INSERT INTO invoices (patient_id, admission_id, room_charges, total_amount, status, issue_date) VALUES (79, 25, 5000, 10000, 'Pending', '2024-12-21');
INSERT INTO appointments (appointment_id, patient_id, doctor_id, department_id, appointment_date, patient_problem_text, predicted_specialty, predicted_severity, status) VALUES (114, 79, 19, 10, '2024-04-14 04:00:00', 'Patient complains of Viral fever', 'General Medicine', 'High', 'Completed');
INSERT INTO patient_doctor_mapping (patient_id, doctor_id, department_id, first_visit_date, is_primary_doctor) VALUES (79, 19, 10, '2024-04-14', TRUE) ON CONFLICT (patient_id, doctor_id) DO NOTHING;
INSERT INTO medical_records (patient_id, doctor_id, department_id, appointment_id, diagnosis, vital_signs, record_date) VALUES (79, 19, 10, 114, 'Acute Viral fever syndrome', '{"bp": "120/80", "temp": "98.6"}', '2024-04-14 04:00:00');
INSERT INTO lab_tests (patient_id, doctor_id, appointment_id, test_name, test_category, ordered_date, status, results) VALUES (79, 19, 114, 'Typhoid Test', 'Pathology', '2024-04-14 04:00:00', 'Completed', 'Normal');
INSERT INTO prescriptions (patient_id, doctor_id, appointment_id, medication_name, dosage, frequency, quantity) VALUES (79, 19, 114, 'Multivitamins', '500mg', '1-0-1', 10);
INSERT INTO invoices (patient_id, appointment_id, consultation_charges, lab_charges, medication_charges, total_amount, status, issue_date) VALUES (79, 114, 800, 797, 728, 2325, 'Paid', '2024-04-14');
INSERT INTO admissions (admission_id, patient_id, primary_doctor_id, room_id, department_id, admission_date, actual_discharge_date, admission_reason, admission_type, status) VALUES (26, 79, 19, 67, 10, '2024-04-14 04:00:00', '2024-04-21', 'Acute Viral fever syndrome', 'Emergency', 'Discharged');
INSERT INTO admission_doctor_care (admission_id, doctor_id, department_id, role_in_care) VALUES (26, 19, 10, 'Primary');
INSERT INTO invoices (patient_id, admission_id, room_charges, total_amount, status, issue_date) VALUES (79, 26, 5000, 10000, 'Pending', '2024-04-14');
INSERT INTO appointments (appointment_id, patient_id, doctor_id, department_id, appointment_date, patient_problem_text, predicted_specialty, predicted_severity, status) VALUES (115, 80, 1, 1, '2025-10-25 13:00:00', 'Patient complains of Chest pain', 'Cardiology', 'Medium', 'Completed');
INSERT INTO patient_doctor_mapping (patient_id, doctor_id, department_id, first_visit_date, is_primary_doctor) VALUES (80, 1, 1, '2025-10-25', TRUE) ON CONFLICT (patient_id, doctor_id) DO NOTHING;
INSERT INTO medical_records (patient_id, doctor_id, department_id, appointment_id, diagnosis, vital_signs, record_date) VALUES (80, 1, 1, 115, 'Acute Chest pain syndrome', '{"bp": "120/80", "temp": "98.6"}', '2025-10-25 13:00:00');
INSERT INTO lab_tests (patient_id, doctor_id, appointment_id, test_name, test_category, ordered_date, status, results) VALUES (80, 1, 115, 'Echo', 'Pathology', '2025-10-25 13:00:00', 'Completed', 'Normal');
INSERT INTO prescriptions (patient_id, doctor_id, appointment_id, medication_name, dosage, frequency, quantity) VALUES (80, 1, 115, 'Metoprolol', '500mg', '1-0-1', 10);
INSERT INTO invoices (patient_id, appointment_id, consultation_charges, lab_charges, medication_charges, total_amount, status, issue_date) VALUES (80, 115, 800, 793, 680, 2273, 'Paid', '2025-10-25');
INSERT INTO admissions (admission_id, patient_id, primary_doctor_id, room_id, department_id, admission_date, actual_discharge_date, admission_reason, admission_type, status) VALUES (27, 80, 1, 88, 1, '2025-10-25 13:00:00', '2025-10-29', 'Acute Chest pain syndrome', 'Emergency', 'Discharged');
INSERT INTO admission_doctor_care (admission_id, doctor_id, department_id, role_in_care) VALUES (27, 1, 1, 'Primary');
INSERT INTO invoices (patient_id, admission_id, room_charges, total_amount, status, issue_date) VALUES (80, 27, 5000, 10000, 'Pending', '2025-10-25');
INSERT INTO appointments (appointment_id, patient_id, doctor_id, department_id, appointment_date, patient_problem_text, predicted_specialty, predicted_severity, status) VALUES (116, 80, 15, 8, '2024-12-29 15:00:00', 'Patient complains of PCOS', 'Gynecology', 'Medium', 'Completed');
INSERT INTO patient_doctor_mapping (patient_id, doctor_id, department_id, first_visit_date, is_primary_doctor) VALUES (80, 15, 8, '2024-12-29', TRUE) ON CONFLICT (patient_id, doctor_id) DO NOTHING;
INSERT INTO medical_records (patient_id, doctor_id, department_id, appointment_id, diagnosis, vital_signs, record_date) VALUES (80, 15, 8, 116, 'Acute PCOS syndrome', '{"bp": "120/80", "temp": "98.6"}', '2024-12-29 15:00:00');
INSERT INTO lab_tests (patient_id, doctor_id, appointment_id, test_name, test_category, ordered_date, status, results) VALUES (80, 15, 116, 'Pap Smear', 'Pathology', '2024-12-29 15:00:00', 'Completed', 'Normal');
INSERT INTO invoices (patient_id, appointment_id, consultation_charges, lab_charges, medication_charges, total_amount, status, issue_date) VALUES (80, 116, 1500, 1642, 0, 3142, 'Paid', '2024-12-29');
INSERT INTO appointments (appointment_id, patient_id, doctor_id, department_id, appointment_date, patient_problem_text, predicted_specialty, predicted_severity, status) VALUES (117, 81, 13, 7, '2024-05-16 11:00:00', 'Patient complains of Ulcers', 'Gastroenterology', 'Medium', 'Completed');
INSERT INTO patient_doctor_mapping (patient_id, doctor_id, department_id, first_visit_date, is_primary_doctor) VALUES (81, 13, 7, '2024-05-16', TRUE) ON CONFLICT (patient_id, doctor_id) DO NOTHING;
INSERT INTO medical_records (patient_id, doctor_id, department_id, appointment_id, diagnosis, vital_signs, record_date) VALUES (81, 13, 7, 117, 'Acute Ulcers syndrome', '{"bp": "120/80", "temp": "98.6"}', '2024-05-16 11:00:00');
INSERT INTO lab_tests (patient_id, doctor_id, appointment_id, test_name, test_category, ordered_date, status, results) VALUES (81, 13, 117, 'Endoscopy', 'Pathology', '2024-05-16 11:00:00', 'Completed', 'Normal');
INSERT INTO prescriptions (patient_id, doctor_id, appointment_id, medication_name, dosage, frequency, quantity) VALUES (81, 13, 117, 'Pantoprazole', '500mg', '1-0-1', 10);
INSERT INTO invoices (patient_id, appointment_id, consultation_charges, lab_charges, medication_charges, total_amount, status, issue_date) VALUES (81, 117, 1500, 1097, 365, 2962, 'Paid', '2024-05-16');
INSERT INTO appointments (appointment_id, patient_id, doctor_id, department_id, appointment_date, patient_problem_text, predicted_specialty, predicted_severity, status) VALUES (118, 82, 11, 6, '2024-07-11 13:00:00', 'Patient complains of Acne', 'Dermatology', 'Medium', 'Completed');
INSERT INTO patient_doctor_mapping (patient_id, doctor_id, department_id, first_visit_date, is_primary_doctor) VALUES (82, 11, 6, '2024-07-11', TRUE) ON CONFLICT (patient_id, doctor_id) DO NOTHING;
INSERT INTO medical_records (patient_id, doctor_id, department_id, appointment_id, diagnosis, vital_signs, record_date) VALUES (82, 11, 6, 118, 'Acute Acne syndrome', '{"bp": "120/80", "temp": "98.6"}', '2024-07-11 13:00:00');
INSERT INTO prescriptions (patient_id, doctor_id, appointment_id, medication_name, dosage, frequency, quantity) VALUES (82, 11, 118, 'Cetirizine', '500mg', '1-0-1', 10);
INSERT INTO invoices (patient_id, appointment_id, consultation_charges, lab_charges, medication_charges, total_amount, status, issue_date) VALUES (82, 118, 800, 0, 952, 1752, 'Paid', '2024-07-11');
INSERT INTO appointments (appointment_id, patient_id, doctor_id, department_id, appointment_date, patient_problem_text, predicted_specialty, predicted_severity, status) VALUES (119, 83, 9, 5, '2025-09-07 06:00:00', 'Patient complains of Tumor', 'Oncology', 'High', 'Completed');
INSERT INTO patient_doctor_mapping (patient_id, doctor_id, department_id, first_visit_date, is_primary_doctor) VALUES (83, 9, 5, '2025-09-07', TRUE) ON CONFLICT (patient_id, doctor_id) DO NOTHING;
INSERT INTO medical_records (patient_id, doctor_id, department_id, appointment_id, diagnosis, vital_signs, record_date) VALUES (83, 9, 5, 119, 'Acute Tumor syndrome', '{"bp": "120/80", "temp": "98.6"}', '2025-09-07 06:00:00');
INSERT INTO lab_tests (patient_id, doctor_id, appointment_id, test_name, test_category, ordered_date, status, results) VALUES (83, 9, 119, 'Biopsy', 'Pathology', '2025-09-07 06:00:00', 'Completed', 'Normal');
INSERT INTO invoices (patient_id, appointment_id, consultation_charges, lab_charges, medication_charges, total_amount, status, issue_date) VALUES (83, 119, 500, 651, 0, 1151, 'Paid', '2025-09-07');
INSERT INTO admissions (admission_id, patient_id, primary_doctor_id, room_id, department_id, admission_date, actual_discharge_date, admission_reason, admission_type, status) VALUES (28, 83, 9, 37, 5, '2025-09-07 06:00:00', '2025-09-09', 'Acute Tumor syndrome', 'Emergency', 'Discharged');
INSERT INTO admission_doctor_care (admission_id, doctor_id, department_id, role_in_care) VALUES (28, 9, 5, 'Primary');
INSERT INTO invoices (patient_id, admission_id, room_charges, total_amount, status, issue_date) VALUES (83, 28, 5000, 10000, 'Pending', '2025-09-07');
INSERT INTO appointments (appointment_id, patient_id, doctor_id, department_id, appointment_date, patient_problem_text, predicted_specialty, predicted_severity, status) VALUES (120, 83, 19, 10, '2025-05-25 01:00:00', 'Patient complains of Weakness', 'General Medicine', 'High', 'Completed');
INSERT INTO patient_doctor_mapping (patient_id, doctor_id, department_id, first_visit_date, is_primary_doctor) VALUES (83, 19, 10, '2025-05-25', TRUE) ON CONFLICT (patient_id, doctor_id) DO NOTHING;
INSERT INTO medical_records (patient_id, doctor_id, department_id, appointment_id, diagnosis, vital_signs, record_date) VALUES (83, 19, 10, 120, 'Acute Weakness syndrome', '{"bp": "120/80", "temp": "98.6"}', '2025-05-25 01:00:00');
INSERT INTO lab_tests (patient_id, doctor_id, appointment_id, test_name, test_category, ordered_date, status, results) VALUES (83, 19, 120, 'Blood Sugar', 'Pathology', '2025-05-25 01:00:00', 'Completed', 'Normal');
INSERT INTO prescriptions (patient_id, doctor_id, appointment_id, medication_name, dosage, frequency, quantity) VALUES (83, 19, 120, 'Azithromycin', '500mg', '1-0-1', 10);
INSERT INTO invoices (patient_id, appointment_id, consultation_charges, lab_charges, medication_charges, total_amount, status, issue_date) VALUES (83, 120, 800, 1320, 498, 2618, 'Paid', '2025-05-25');
INSERT INTO appointments (appointment_id, patient_id, doctor_id, department_id, appointment_date, patient_problem_text, predicted_specialty, predicted_severity, status) VALUES (121, 84, 19, 10, '2025-07-14 20:00:00', 'Patient complains of Weakness', 'General Medicine', 'Low', 'Completed');
INSERT INTO patient_doctor_mapping (patient_id, doctor_id, department_id, first_visit_date, is_primary_doctor) VALUES (84, 19, 10, '2025-07-14', TRUE) ON CONFLICT (patient_id, doctor_id) DO NOTHING;
INSERT INTO medical_records (patient_id, doctor_id, department_id, appointment_id, diagnosis, vital_signs, record_date) VALUES (84, 19, 10, 121, 'Acute Weakness syndrome', '{"bp": "120/80", "temp": "98.6"}', '2025-07-14 20:00:00');
INSERT INTO invoices (patient_id, appointment_id, consultation_charges, lab_charges, medication_charges, total_amount, status, issue_date) VALUES (84, 121, 800, 0, 0, 800, 'Paid', '2025-07-14');
INSERT INTO appointments (appointment_id, patient_id, doctor_id, department_id, appointment_date, patient_problem_text, predicted_specialty, predicted_severity, status) VALUES (122, 84, 4, 2, '2024-05-21 13:00:00', 'Patient complains of Migraine', 'Neurology', 'Low', 'Completed');
INSERT INTO patient_doctor_mapping (patient_id, doctor_id, department_id, first_visit_date, is_primary_doctor) VALUES (84, 4, 2, '2024-05-21', TRUE) ON CONFLICT (patient_id, doctor_id) DO NOTHING;
INSERT INTO medical_records (patient_id, doctor_id, department_id, appointment_id, diagnosis, vital_signs, record_date) VALUES (84, 4, 2, 122, 'Acute Migraine syndrome', '{"bp": "120/80", "temp": "98.6"}', '2024-05-21 13:00:00');
INSERT INTO prescriptions (patient_id, doctor_id, appointment_id, medication_name, dosage, frequency, quantity) VALUES (84, 4, 122, 'Topiramate', '500mg', '1-0-1', 10);
INSERT INTO invoices (patient_id, appointment_id, consultation_charges, lab_charges, medication_charges, total_amount, status, issue_date) VALUES (84, 122, 1000, 0, 321, 1321, 'Paid', '2024-05-21');
INSERT INTO appointments (appointment_id, patient_id, doctor_id, department_id, appointment_date, patient_problem_text, predicted_specialty, predicted_severity, status) VALUES (123, 85, 15, 8, '2024-09-24 18:00:00', 'Patient complains of PCOS', 'Gynecology', 'Medium', 'Completed');
INSERT INTO patient_doctor_mapping (patient_id, doctor_id, department_id, first_visit_date, is_primary_doctor) VALUES (85, 15, 8, '2024-09-24', TRUE) ON CONFLICT (patient_id, doctor_id) DO NOTHING;
INSERT INTO medical_records (patient_id, doctor_id, department_id, appointment_id, diagnosis, vital_signs, record_date) VALUES (85, 15, 8, 123, 'Acute PCOS syndrome', '{"bp": "120/80", "temp": "98.6"}', '2024-09-24 18:00:00');
INSERT INTO lab_tests (patient_id, doctor_id, appointment_id, test_name, test_category, ordered_date, status, results) VALUES (85, 15, 123, 'Ultrasound', 'Pathology', '2024-09-24 18:00:00', 'Completed', 'Normal');
INSERT INTO invoices (patient_id, appointment_id, consultation_charges, lab_charges, medication_charges, total_amount, status, issue_date) VALUES (85, 123, 1500, 982, 0, 2482, 'Paid', '2024-09-24');
INSERT INTO appointments (appointment_id, patient_id, doctor_id, department_id, appointment_date, patient_problem_text, predicted_specialty, predicted_severity, status) VALUES (124, 86, 4, 2, '2025-10-16 23:00:00', 'Patient complains of Seizures', 'Neurology', 'Low', 'Completed');
INSERT INTO patient_doctor_mapping (patient_id, doctor_id, department_id, first_visit_date, is_primary_doctor) VALUES (86, 4, 2, '2025-10-16', TRUE) ON CONFLICT (patient_id, doctor_id) DO NOTHING;
INSERT INTO medical_records (patient_id, doctor_id, department_id, appointment_id, diagnosis, vital_signs, record_date) VALUES (86, 4, 2, 124, 'Acute Seizures syndrome', '{"bp": "120/80", "temp": "98.6"}', '2025-10-16 23:00:00');
INSERT INTO prescriptions (patient_id, doctor_id, appointment_id, medication_name, dosage, frequency, quantity) VALUES (86, 4, 124, 'Topiramate', '500mg', '1-0-1', 10);
INSERT INTO invoices (patient_id, appointment_id, consultation_charges, lab_charges, medication_charges, total_amount, status, issue_date) VALUES (86, 124, 1000, 0, 927, 1927, 'Paid', '2025-10-16');
INSERT INTO appointments (appointment_id, patient_id, doctor_id, department_id, appointment_date, patient_problem_text, predicted_specialty, predicted_severity, status) VALUES (125, 87, 3, 2, '2024-03-02 15:00:00', 'Patient complains of Seizures', 'Neurology', 'High', 'Completed');
INSERT INTO patient_doctor_mapping (patient_id, doctor_id, department_id, first_visit_date, is_primary_doctor) VALUES (87, 3, 2, '2024-03-02', TRUE) ON CONFLICT (patient_id, doctor_id) DO NOTHING;
INSERT INTO medical_records (patient_id, doctor_id, department_id, appointment_id, diagnosis, vital_signs, record_date) VALUES (87, 3, 2, 125, 'Acute Seizures syndrome', '{"bp": "120/80", "temp": "98.6"}', '2024-03-02 15:00:00');
INSERT INTO lab_tests (patient_id, doctor_id, appointment_id, test_name, test_category, ordered_date, status, results) VALUES (87, 3, 125, 'CT Scan', 'Pathology', '2024-03-02 15:00:00', 'Completed', 'Normal');
INSERT INTO prescriptions (patient_id, doctor_id, appointment_id, medication_name, dosage, frequency, quantity) VALUES (87, 3, 125, 'Paracetamol', '500mg', '1-0-1', 10);
INSERT INTO invoices (patient_id, appointment_id, consultation_charges, lab_charges, medication_charges, total_amount, status, issue_date) VALUES (87, 125, 800, 1281, 362, 2443, 'Paid', '2024-03-02');
INSERT INTO appointments (appointment_id, patient_id, doctor_id, department_id, appointment_date, patient_problem_text, predicted_specialty, predicted_severity, status) VALUES (126, 87, 11, 6, '2024-01-18 09:00:00', 'Patient complains of Rash', 'Dermatology', 'Low', 'Completed');
INSERT INTO patient_doctor_mapping (patient_id, doctor_id, department_id, first_visit_date, is_primary_doctor) VALUES (87, 11, 6, '2024-01-18', TRUE) ON CONFLICT (patient_id, doctor_id) DO NOTHING;
INSERT INTO medical_records (patient_id, doctor_id, department_id, appointment_id, diagnosis, vital_signs, record_date) VALUES (87, 11, 6, 126, 'Acute Rash syndrome', '{"bp": "120/80", "temp": "98.6"}', '2024-01-18 09:00:00');
INSERT INTO prescriptions (patient_id, doctor_id, appointment_id, medication_name, dosage, frequency, quantity) VALUES (87, 11, 126, 'Cetirizine', '500mg', '1-0-1', 10);
INSERT INTO invoices (patient_id, appointment_id, consultation_charges, lab_charges, medication_charges, total_amount, status, issue_date) VALUES (87, 126, 800, 0, 699, 1499, 'Paid', '2024-01-18');
INSERT INTO appointments (appointment_id, patient_id, doctor_id, department_id, appointment_date, patient_problem_text, predicted_specialty, predicted_severity, status) VALUES (127, 88, 12, 6, '2024-12-15 21:00:00', 'Patient complains of Acne', 'Dermatology', 'High', 'Completed');
INSERT INTO patient_doctor_mapping (patient_id, doctor_id, department_id, first_visit_date, is_primary_doctor) VALUES (88, 12, 6, '2024-12-15', TRUE) ON CONFLICT (patient_id, doctor_id) DO NOTHING;
INSERT INTO medical_records (patient_id, doctor_id, department_id, appointment_id, diagnosis, vital_signs, record_date) VALUES (88, 12, 6, 127, 'Acute Acne syndrome', '{"bp": "120/80", "temp": "98.6"}', '2024-12-15 21:00:00');
INSERT INTO invoices (patient_id, appointment_id, consultation_charges, lab_charges, medication_charges, total_amount, status, issue_date) VALUES (88, 127, 800, 0, 0, 800, 'Paid', '2024-12-15');
INSERT INTO admissions (admission_id, patient_id, primary_doctor_id, room_id, department_id, admission_date, actual_discharge_date, admission_reason, admission_type, status) VALUES (29, 88, 12, 91, 6, '2024-12-15 21:00:00', '2024-12-18', 'Acute Acne syndrome', 'Emergency', 'Discharged');
INSERT INTO admission_doctor_care (admission_id, doctor_id, department_id, role_in_care) VALUES (29, 12, 6, 'Primary');
INSERT INTO invoices (patient_id, admission_id, room_charges, total_amount, status, issue_date) VALUES (88, 29, 5000, 10000, 'Pending', '2024-12-15');
INSERT INTO appointments (appointment_id, patient_id, doctor_id, department_id, appointment_date, patient_problem_text, predicted_specialty, predicted_severity, status) VALUES (128, 89, 8, 4, '2025-02-25 10:00:00', 'Patient complains of Fever', 'Pediatrics', 'High', 'Completed');
INSERT INTO patient_doctor_mapping (patient_id, doctor_id, department_id, first_visit_date, is_primary_doctor) VALUES (89, 8, 4, '2025-02-25', TRUE) ON CONFLICT (patient_id, doctor_id) DO NOTHING;
INSERT INTO medical_records (patient_id, doctor_id, department_id, appointment_id, diagnosis, vital_signs, record_date) VALUES (89, 8, 4, 128, 'Acute Fever syndrome', '{"bp": "120/80", "temp": "98.6"}', '2025-02-25 10:00:00');
INSERT INTO lab_tests (patient_id, doctor_id, appointment_id, test_name, test_category, ordered_date, status, results) VALUES (89, 8, 128, 'CBC', 'Pathology', '2025-02-25 10:00:00', 'Completed', 'Normal');
INSERT INTO invoices (patient_id, appointment_id, consultation_charges, lab_charges, medication_charges, total_amount, status, issue_date) VALUES (89, 128, 1000, 1432, 0, 2432, 'Paid', '2025-02-25');
INSERT INTO appointments (appointment_id, patient_id, doctor_id, department_id, appointment_date, patient_problem_text, predicted_specialty, predicted_severity, status) VALUES (129, 90, 4, 2, '2024-07-29 03:00:00', 'Patient complains of Seizures', 'Neurology', 'Medium', 'Completed');
INSERT INTO patient_doctor_mapping (patient_id, doctor_id, department_id, first_visit_date, is_primary_doctor) VALUES (90, 4, 2, '2024-07-29', TRUE) ON CONFLICT (patient_id, doctor_id) DO NOTHING;
INSERT INTO medical_records (patient_id, doctor_id, department_id, appointment_id, diagnosis, vital_signs, record_date) VALUES (90, 4, 2, 129, 'Acute Seizures syndrome', '{"bp": "120/80", "temp": "98.6"}', '2024-07-29 03:00:00');
INSERT INTO prescriptions (patient_id, doctor_id, appointment_id, medication_name, dosage, frequency, quantity) VALUES (90, 4, 129, 'Topiramate', '500mg', '1-0-1', 10);
INSERT INTO invoices (patient_id, appointment_id, consultation_charges, lab_charges, medication_charges, total_amount, status, issue_date) VALUES (90, 129, 1000, 0, 959, 1959, 'Paid', '2024-07-29');
INSERT INTO appointments (appointment_id, patient_id, doctor_id, department_id, appointment_date, patient_problem_text, predicted_specialty, predicted_severity, status) VALUES (130, 90, 7, 4, '2024-07-10 22:00:00', 'Patient complains of Fever', 'Pediatrics', 'Low', 'Completed');
INSERT INTO patient_doctor_mapping (patient_id, doctor_id, department_id, first_visit_date, is_primary_doctor) VALUES (90, 7, 4, '2024-07-10', TRUE) ON CONFLICT (patient_id, doctor_id) DO NOTHING;
INSERT INTO medical_records (patient_id, doctor_id, department_id, appointment_id, diagnosis, vital_signs, record_date) VALUES (90, 7, 4, 130, 'Acute Fever syndrome', '{"bp": "120/80", "temp": "98.6"}', '2024-07-10 22:00:00');
INSERT INTO prescriptions (patient_id, doctor_id, appointment_id, medication_name, dosage, frequency, quantity) VALUES (90, 7, 130, 'Ibuprofen syp', '500mg', '1-0-1', 10);
INSERT INTO invoices (patient_id, appointment_id, consultation_charges, lab_charges, medication_charges, total_amount, status, issue_date) VALUES (90, 130, 1000, 0, 313, 1313, 'Paid', '2024-07-10');
INSERT INTO appointments (appointment_id, patient_id, doctor_id, department_id, appointment_date, patient_problem_text, predicted_specialty, predicted_severity, status) VALUES (131, 91, 13, 7, '2025-04-24 01:00:00', 'Patient complains of Stomach pain', 'Gastroenterology', 'Low', 'Completed');
INSERT INTO patient_doctor_mapping (patient_id, doctor_id, department_id, first_visit_date, is_primary_doctor) VALUES (91, 13, 7, '2025-04-24', TRUE) ON CONFLICT (patient_id, doctor_id) DO NOTHING;
INSERT INTO medical_records (patient_id, doctor_id, department_id, appointment_id, diagnosis, vital_signs, record_date) VALUES (91, 13, 7, 131, 'Acute Stomach pain syndrome', '{"bp": "120/80", "temp": "98.6"}', '2025-04-24 01:00:00');
INSERT INTO invoices (patient_id, appointment_id, consultation_charges, lab_charges, medication_charges, total_amount, status, issue_date) VALUES (91, 131, 1500, 0, 0, 1500, 'Paid', '2025-04-24');
INSERT INTO appointments (appointment_id, patient_id, doctor_id, department_id, appointment_date, patient_problem_text, predicted_specialty, predicted_severity, status) VALUES (132, 92, 1, 1, '2024-08-15 07:00:00', 'Patient complains of Chest pain', 'Cardiology', 'High', 'Completed');
INSERT INTO patient_doctor_mapping (patient_id, doctor_id, department_id, first_visit_date, is_primary_doctor) VALUES (92, 1, 1, '2024-08-15', TRUE) ON CONFLICT (patient_id, doctor_id) DO NOTHING;
INSERT INTO medical_records (patient_id, doctor_id, department_id, appointment_id, diagnosis, vital_signs, record_date) VALUES (92, 1, 1, 132, 'Acute Chest pain syndrome', '{"bp": "120/80", "temp": "98.6"}', '2024-08-15 07:00:00');
INSERT INTO prescriptions (patient_id, doctor_id, appointment_id, medication_name, dosage, frequency, quantity) VALUES (92, 1, 132, 'Metoprolol', '500mg', '1-0-1', 10);
INSERT INTO invoices (patient_id, appointment_id, consultation_charges, lab_charges, medication_charges, total_amount, status, issue_date) VALUES (92, 132, 800, 0, 948, 1748, 'Paid', '2024-08-15');
INSERT INTO appointments (appointment_id, patient_id, doctor_id, department_id, appointment_date, patient_problem_text, predicted_specialty, predicted_severity, status) VALUES (133, 93, 3, 2, '2024-06-30 12:00:00', 'Patient complains of Seizures', 'Neurology', 'Low', 'Completed');
INSERT INTO patient_doctor_mapping (patient_id, doctor_id, department_id, first_visit_date, is_primary_doctor) VALUES (93, 3, 2, '2024-06-30', TRUE) ON CONFLICT (patient_id, doctor_id) DO NOTHING;
INSERT INTO medical_records (patient_id, doctor_id, department_id, appointment_id, diagnosis, vital_signs, record_date) VALUES (93, 3, 2, 133, 'Acute Seizures syndrome', '{"bp": "120/80", "temp": "98.6"}', '2024-06-30 12:00:00');
INSERT INTO lab_tests (patient_id, doctor_id, appointment_id, test_name, test_category, ordered_date, status, results) VALUES (93, 3, 133, 'CT Scan', 'Pathology', '2024-06-30 12:00:00', 'Completed', 'Normal');
INSERT INTO prescriptions (patient_id, doctor_id, appointment_id, medication_name, dosage, frequency, quantity) VALUES (93, 3, 133, 'Paracetamol', '500mg', '1-0-1', 10);
INSERT INTO invoices (patient_id, appointment_id, consultation_charges, lab_charges, medication_charges, total_amount, status, issue_date) VALUES (93, 133, 800, 1993, 371, 3164, 'Paid', '2024-06-30');
INSERT INTO appointments (appointment_id, patient_id, doctor_id, department_id, appointment_date, patient_problem_text, predicted_specialty, predicted_severity, status) VALUES (134, 94, 11, 6, '2024-07-15 08:00:00', 'Patient complains of Acne', 'Dermatology', 'Low', 'Completed');
INSERT INTO patient_doctor_mapping (patient_id, doctor_id, department_id, first_visit_date, is_primary_doctor) VALUES (94, 11, 6, '2024-07-15', TRUE) ON CONFLICT (patient_id, doctor_id) DO NOTHING;
INSERT INTO medical_records (patient_id, doctor_id, department_id, appointment_id, diagnosis, vital_signs, record_date) VALUES (94, 11, 6, 134, 'Acute Acne syndrome', '{"bp": "120/80", "temp": "98.6"}', '2024-07-15 08:00:00');
INSERT INTO prescriptions (patient_id, doctor_id, appointment_id, medication_name, dosage, frequency, quantity) VALUES (94, 11, 134, 'Clindamycin', '500mg', '1-0-1', 10);
INSERT INTO invoices (patient_id, appointment_id, consultation_charges, lab_charges, medication_charges, total_amount, status, issue_date) VALUES (94, 134, 800, 0, 641, 1441, 'Paid', '2024-07-15');
INSERT INTO appointments (appointment_id, patient_id, doctor_id, department_id, appointment_date, patient_problem_text, predicted_specialty, predicted_severity, status) VALUES (135, 95, 6, 3, '2025-07-06 09:00:00', 'Patient complains of Fracture', 'Orthopedics', 'High', 'Completed');
INSERT INTO patient_doctor_mapping (patient_id, doctor_id, department_id, first_visit_date, is_primary_doctor) VALUES (95, 6, 3, '2025-07-06', TRUE) ON CONFLICT (patient_id, doctor_id) DO NOTHING;
INSERT INTO medical_records (patient_id, doctor_id, department_id, appointment_id, diagnosis, vital_signs, record_date) VALUES (95, 6, 3, 135, 'Acute Fracture syndrome', '{"bp": "120/80", "temp": "98.6"}', '2025-07-06 09:00:00');
INSERT INTO prescriptions (patient_id, doctor_id, appointment_id, medication_name, dosage, frequency, quantity) VALUES (95, 6, 135, 'Vitamin D', '500mg', '1-0-1', 10);
INSERT INTO invoices (patient_id, appointment_id, consultation_charges, lab_charges, medication_charges, total_amount, status, issue_date) VALUES (95, 135, 1000, 0, 216, 1216, 'Paid', '2025-07-06');
INSERT INTO appointments (appointment_id, patient_id, doctor_id, department_id, appointment_date, patient_problem_text, predicted_specialty, predicted_severity, status) VALUES (136, 95, 2, 1, '2025-12-18 22:00:00', 'Patient complains of Palpitations', 'Cardiology', 'High', 'Completed');
INSERT INTO patient_doctor_mapping (patient_id, doctor_id, department_id, first_visit_date, is_primary_doctor) VALUES (95, 2, 1, '2025-12-18', TRUE) ON CONFLICT (patient_id, doctor_id) DO NOTHING;
INSERT INTO medical_records (patient_id, doctor_id, department_id, appointment_id, diagnosis, vital_signs, record_date) VALUES (95, 2, 1, 136, 'Acute Palpitations syndrome', '{"bp": "120/80", "temp": "98.6"}', '2025-12-18 22:00:00');
INSERT INTO lab_tests (patient_id, doctor_id, appointment_id, test_name, test_category, ordered_date, status, results) VALUES (95, 2, 136, 'Troponin', 'Pathology', '2025-12-18 22:00:00', 'Completed', 'Normal');
INSERT INTO prescriptions (patient_id, doctor_id, appointment_id, medication_name, dosage, frequency, quantity) VALUES (95, 2, 136, 'Aspirin', '500mg', '1-0-1', 10);
INSERT INTO invoices (patient_id, appointment_id, consultation_charges, lab_charges, medication_charges, total_amount, status, issue_date) VALUES (95, 136, 800, 1709, 410, 2919, 'Paid', '2025-12-18');
INSERT INTO appointments (appointment_id, patient_id, doctor_id, department_id, appointment_date, patient_problem_text, predicted_specialty, predicted_severity, status) VALUES (137, 96, 1, 1, '2025-12-23 15:00:00', 'Patient complains of Chest pain', 'Cardiology', 'Medium', 'Completed');
INSERT INTO patient_doctor_mapping (patient_id, doctor_id, department_id, first_visit_date, is_primary_doctor) VALUES (96, 1, 1, '2025-12-23', TRUE) ON CONFLICT (patient_id, doctor_id) DO NOTHING;
INSERT INTO medical_records (patient_id, doctor_id, department_id, appointment_id, diagnosis, vital_signs, record_date) VALUES (96, 1, 1, 137, 'Acute Chest pain syndrome', '{"bp": "120/80", "temp": "98.6"}', '2025-12-23 15:00:00');
INSERT INTO lab_tests (patient_id, doctor_id, appointment_id, test_name, test_category, ordered_date, status, results) VALUES (96, 1, 137, 'ECG', 'Pathology', '2025-12-23 15:00:00', 'Completed', 'Normal');
INSERT INTO invoices (patient_id, appointment_id, consultation_charges, lab_charges, medication_charges, total_amount, status, issue_date) VALUES (96, 137, 800, 1849, 0, 2649, 'Paid', '2025-12-23');
UPDATE rooms SET status = 'Occupied', current_occupancy = 1 WHERE room_id = 108;
INSERT INTO admissions (admission_id, patient_id, primary_doctor_id, room_id, department_id, admission_date, actual_discharge_date, admission_reason, admission_type, status) VALUES (30, 96, 1, 108, 1, '2026-01-17 20:00:51.958825', NULL, 'Acute Chest pain syndrome', 'Emergency', 'Active');
INSERT INTO admission_doctor_care (admission_id, doctor_id, department_id, role_in_care) VALUES (30, 1, 1, 'Primary');
INSERT INTO invoices (patient_id, admission_id, room_charges, total_amount, status, issue_date) VALUES (96, 30, 5000, 10000, 'Pending', '2026-01-17');
INSERT INTO appointments (appointment_id, patient_id, doctor_id, department_id, appointment_date, patient_problem_text, predicted_specialty, predicted_severity, status) VALUES (138, 96, 19, 10, '2025-08-18 03:00:00', 'Patient complains of Viral fever', 'General Medicine', 'Low', 'Completed');
INSERT INTO patient_doctor_mapping (patient_id, doctor_id, department_id, first_visit_date, is_primary_doctor) VALUES (96, 19, 10, '2025-08-18', TRUE) ON CONFLICT (patient_id, doctor_id) DO NOTHING;
INSERT INTO medical_records (patient_id, doctor_id, department_id, appointment_id, diagnosis, vital_signs, record_date) VALUES (96, 19, 10, 138, 'Acute Viral fever syndrome', '{"bp": "120/80", "temp": "98.6"}', '2025-08-18 03:00:00');
INSERT INTO lab_tests (patient_id, doctor_id, appointment_id, test_name, test_category, ordered_date, status, results) VALUES (96, 19, 138, 'Blood Sugar', 'Pathology', '2025-08-18 03:00:00', 'Completed', 'Normal');
INSERT INTO prescriptions (patient_id, doctor_id, appointment_id, medication_name, dosage, frequency, quantity) VALUES (96, 19, 138, 'Multivitamins', '500mg', '1-0-1', 10);
INSERT INTO invoices (patient_id, appointment_id, consultation_charges, lab_charges, medication_charges, total_amount, status, issue_date) VALUES (96, 138, 800, 1199, 240, 2239, 'Paid', '2025-08-18');
INSERT INTO appointments (appointment_id, patient_id, doctor_id, department_id, appointment_date, patient_problem_text, predicted_specialty, predicted_severity, status) VALUES (139, 97, 6, 3, '2025-04-13 16:00:00', 'Patient complains of Fracture', 'Orthopedics', 'High', 'Completed');
INSERT INTO patient_doctor_mapping (patient_id, doctor_id, department_id, first_visit_date, is_primary_doctor) VALUES (97, 6, 3, '2025-04-13', TRUE) ON CONFLICT (patient_id, doctor_id) DO NOTHING;
INSERT INTO medical_records (patient_id, doctor_id, department_id, appointment_id, diagnosis, vital_signs, record_date) VALUES (97, 6, 3, 139, 'Acute Fracture syndrome', '{"bp": "120/80", "temp": "98.6"}', '2025-04-13 16:00:00');
INSERT INTO invoices (patient_id, appointment_id, consultation_charges, lab_charges, medication_charges, total_amount, status, issue_date) VALUES (97, 139, 1000, 0, 0, 1000, 'Paid', '2025-04-13');
INSERT INTO appointments (appointment_id, patient_id, doctor_id, department_id, appointment_date, patient_problem_text, predicted_specialty, predicted_severity, status) VALUES (140, 98, 7, 4, '2025-09-23 05:00:00', 'Patient complains of Fever', 'Pediatrics', 'Medium', 'Completed');
INSERT INTO patient_doctor_mapping (patient_id, doctor_id, department_id, first_visit_date, is_primary_doctor) VALUES (98, 7, 4, '2025-09-23', TRUE) ON CONFLICT (patient_id, doctor_id) DO NOTHING;
INSERT INTO medical_records (patient_id, doctor_id, department_id, appointment_id, diagnosis, vital_signs, record_date) VALUES (98, 7, 4, 140, 'Acute Fever syndrome', '{"bp": "120/80", "temp": "98.6"}', '2025-09-23 05:00:00');
INSERT INTO prescriptions (patient_id, doctor_id, appointment_id, medication_name, dosage, frequency, quantity) VALUES (98, 7, 140, 'Paracetamol syp', '500mg', '1-0-1', 10);
INSERT INTO invoices (patient_id, appointment_id, consultation_charges, lab_charges, medication_charges, total_amount, status, issue_date) VALUES (98, 140, 1000, 0, 989, 1989, 'Paid', '2025-09-23');
UPDATE rooms SET status = 'Occupied', current_occupancy = 1 WHERE room_id = 54;
INSERT INTO admissions (admission_id, patient_id, primary_doctor_id, room_id, department_id, admission_date, actual_discharge_date, admission_reason, admission_type, status) VALUES (31, 98, 7, 54, 4, '2026-01-16 20:00:51.958825', NULL, 'Acute Fever syndrome', 'Emergency', 'Active');
INSERT INTO admission_doctor_care (admission_id, doctor_id, department_id, role_in_care) VALUES (31, 7, 4, 'Primary');
INSERT INTO invoices (patient_id, admission_id, room_charges, total_amount, status, issue_date) VALUES (98, 31, 5000, 10000, 'Pending', '2026-01-16');
INSERT INTO appointments (appointment_id, patient_id, doctor_id, department_id, appointment_date, patient_problem_text, predicted_specialty, predicted_severity, status) VALUES (141, 98, 6, 3, '2024-01-19 19:00:00', 'Patient complains of Joint pain', 'Orthopedics', 'Medium', 'Completed');
INSERT INTO patient_doctor_mapping (patient_id, doctor_id, department_id, first_visit_date, is_primary_doctor) VALUES (98, 6, 3, '2024-01-19', TRUE) ON CONFLICT (patient_id, doctor_id) DO NOTHING;
INSERT INTO medical_records (patient_id, doctor_id, department_id, appointment_id, diagnosis, vital_signs, record_date) VALUES (98, 6, 3, 141, 'Acute Joint pain syndrome', '{"bp": "120/80", "temp": "98.6"}', '2024-01-19 19:00:00');
INSERT INTO lab_tests (patient_id, doctor_id, appointment_id, test_name, test_category, ordered_date, status, results) VALUES (98, 6, 141, 'Bone Density', 'Pathology', '2024-01-19 19:00:00', 'Completed', 'Normal');
INSERT INTO prescriptions (patient_id, doctor_id, appointment_id, medication_name, dosage, frequency, quantity) VALUES (98, 6, 141, 'Ibuprofen', '500mg', '1-0-1', 10);
INSERT INTO invoices (patient_id, appointment_id, consultation_charges, lab_charges, medication_charges, total_amount, status, issue_date) VALUES (98, 141, 1000, 1340, 590, 2930, 'Paid', '2024-01-19');
UPDATE rooms SET status = 'Occupied', current_occupancy = 1 WHERE room_id = 116;
INSERT INTO admissions (admission_id, patient_id, primary_doctor_id, room_id, department_id, admission_date, actual_discharge_date, admission_reason, admission_type, status) VALUES (32, 98, 6, 116, 3, '2026-01-16 20:00:51.958825', NULL, 'Acute Joint pain syndrome', 'Emergency', 'Active');
INSERT INTO admission_doctor_care (admission_id, doctor_id, department_id, role_in_care) VALUES (32, 6, 3, 'Primary');
INSERT INTO invoices (patient_id, admission_id, room_charges, total_amount, status, issue_date) VALUES (98, 32, 5000, 10000, 'Pending', '2026-01-16');
INSERT INTO appointments (appointment_id, patient_id, doctor_id, department_id, appointment_date, patient_problem_text, predicted_specialty, predicted_severity, status) VALUES (142, 99, 8, 4, '2025-12-22 06:00:00', 'Patient complains of Fever', 'Pediatrics', 'Low', 'Completed');
INSERT INTO patient_doctor_mapping (patient_id, doctor_id, department_id, first_visit_date, is_primary_doctor) VALUES (99, 8, 4, '2025-12-22', TRUE) ON CONFLICT (patient_id, doctor_id) DO NOTHING;
INSERT INTO medical_records (patient_id, doctor_id, department_id, appointment_id, diagnosis, vital_signs, record_date) VALUES (99, 8, 4, 142, 'Acute Fever syndrome', '{"bp": "120/80", "temp": "98.6"}', '2025-12-22 06:00:00');
INSERT INTO invoices (patient_id, appointment_id, consultation_charges, lab_charges, medication_charges, total_amount, status, issue_date) VALUES (99, 142, 1000, 0, 0, 1000, 'Paid', '2025-12-22');
INSERT INTO appointments (appointment_id, patient_id, doctor_id, department_id, appointment_date, patient_problem_text, predicted_specialty, predicted_severity, status) VALUES (143, 99, 15, 8, '2024-08-26 05:00:00', 'Patient complains of Pregnancy', 'Gynecology', 'Low', 'Completed');
INSERT INTO patient_doctor_mapping (patient_id, doctor_id, department_id, first_visit_date, is_primary_doctor) VALUES (99, 15, 8, '2024-08-26', TRUE) ON CONFLICT (patient_id, doctor_id) DO NOTHING;
INSERT INTO medical_records (patient_id, doctor_id, department_id, appointment_id, diagnosis, vital_signs, record_date) VALUES (99, 15, 8, 143, 'Acute Pregnancy syndrome', '{"bp": "120/80", "temp": "98.6"}', '2024-08-26 05:00:00');
INSERT INTO prescriptions (patient_id, doctor_id, appointment_id, medication_name, dosage, frequency, quantity) VALUES (99, 15, 143, 'Metformin', '500mg', '1-0-1', 10);
INSERT INTO invoices (patient_id, appointment_id, consultation_charges, lab_charges, medication_charges, total_amount, status, issue_date) VALUES (99, 143, 1500, 0, 828, 2328, 'Paid', '2024-08-26');
INSERT INTO appointments (appointment_id, patient_id, doctor_id, department_id, appointment_date, patient_problem_text, predicted_specialty, predicted_severity, status) VALUES (144, 100, 15, 8, '2025-09-23 10:00:00', 'Patient complains of Pregnancy', 'Gynecology', 'Low', 'Completed');
INSERT INTO patient_doctor_mapping (patient_id, doctor_id, department_id, first_visit_date, is_primary_doctor) VALUES (100, 15, 8, '2025-09-23', TRUE) ON CONFLICT (patient_id, doctor_id) DO NOTHING;
INSERT INTO medical_records (patient_id, doctor_id, department_id, appointment_id, diagnosis, vital_signs, record_date) VALUES (100, 15, 8, 144, 'Acute Pregnancy syndrome', '{"bp": "120/80", "temp": "98.6"}', '2025-09-23 10:00:00');
INSERT INTO prescriptions (patient_id, doctor_id, appointment_id, medication_name, dosage, frequency, quantity) VALUES (100, 15, 144, 'Folic Acid', '500mg', '1-0-1', 10);
INSERT INTO invoices (patient_id, appointment_id, consultation_charges, lab_charges, medication_charges, total_amount, status, issue_date) VALUES (100, 144, 1500, 0, 925, 2425, 'Paid', '2025-09-23');
INSERT INTO appointments (appointment_id, patient_id, doctor_id, department_id, appointment_date, patient_problem_text, predicted_specialty, predicted_severity, status) VALUES (145, 100, 6, 3, '2024-03-06 14:00:00', 'Patient complains of Joint pain', 'Orthopedics', 'Medium', 'Completed');
INSERT INTO patient_doctor_mapping (patient_id, doctor_id, department_id, first_visit_date, is_primary_doctor) VALUES (100, 6, 3, '2024-03-06', TRUE) ON CONFLICT (patient_id, doctor_id) DO NOTHING;
INSERT INTO medical_records (patient_id, doctor_id, department_id, appointment_id, diagnosis, vital_signs, record_date) VALUES (100, 6, 3, 145, 'Acute Joint pain syndrome', '{"bp": "120/80", "temp": "98.6"}', '2024-03-06 14:00:00');
INSERT INTO prescriptions (patient_id, doctor_id, appointment_id, medication_name, dosage, frequency, quantity) VALUES (100, 6, 145, 'Vitamin D', '500mg', '1-0-1', 10);
INSERT INTO invoices (patient_id, appointment_id, consultation_charges, lab_charges, medication_charges, total_amount, status, issue_date) VALUES (100, 145, 1000, 0, 502, 1502, 'Paid', '2024-03-06');
SELECT setval('appointments_appointment_id_seq', 146, true);
SELECT setval('admissions_admission_id_seq', 33, true);
COMMIT;